{"file_dir_containing_misuse": "NullpoMino-X/NullpoMino/nullpomino-core/src/main/java/mu/nu/nullpo/game/subsystem/mode/GradeMania2Mode.java", "misuse_file_name": "GradeMania2Mode.java", "file_dirs_containing_proper_use": ["- NullpoMino-X/NullpoMino/nullpomino-core/src/main/java/mu/nu/nullpo/game/subsystem/mode/AvalancheMode.java#saveRanking(CustomProperties, String)", "- NullpoMino-X/NullpoMino/nullpomino-core/src/main/java/mu/nu/nullpo/game/subsystem/mode/MarathonPlusMode.java#saveRanking(CustomProperties, String)", "- NullpoMino-X/NullpoMino/nullpomino-core/src/main/java/mu/nu/nullpo/game/subsystem/mode/ExtremeMode.java#saveRanking(CustomProperties, String)", "- NullpoMino-X/NullpoMino/nullpomino-core/src/main/java/mu/nu/nullpo/game/subsystem/mode/MarathonMode.java#saveRanking(CustomProperties, String)", "- NullpoMino-X/NullpoMino/nullpomino-core/src/main/java/mu/nu/nullpo/game/subsystem/mode/ScoreRaceMode.java#saveRanking(CustomProperties, String)"], "method_containing_misuse": "levelUp(GameEngine)", "misuse_detection_confidence": "1.0", "startline_of_misuse": "1006"}