{"file_dir_containing_misuse": "417511458/jbone/jbone-cms/jbone-cms-core/src/main/java/cn/jbone/cms/core/service/LinkService.java", "misuse_file_name": "LinkService.java", "file_dirs_containing_proper_use": ["- 417511458/jbone/jbone-cms/jbone-cms-core/src/main/java/cn/jbone/cms/core/converter/ArticleConverter.java#toArticleDOs(List, ArticleFiledConfigDO)", "- 417511458/jbone/jbone-cms/jbone-cms-core/src/main/java/cn/jbone/cms/core/converter/LinkConverter.java#toLinkDOs(List)", "- 417511458/jbone/jbone-cms/jbone-cms-core/src/main/java/cn/jbone/cms/core/converter/TagConverter.java#toTagsByIds(List)", "- 417511458/jbone/jbone-cms/jbone-cms-core/src/main/java/cn/jbone/cms/core/converter/DictionaryConverter.java#toDictionaryGroupDOs(List)", "- 417511458/jbone/jbone-cms/jbone-cms-core/src/main/java/cn/jbone/cms/core/converter/PluginConverter.java#toPlugins(List)"], "method_containing_misuse": "batchDelete(String)", "misuse_detection_confidence": "1.0", "startline_of_misuse": "57"}