{"file_dir_containing_misuse": "pumadong/cl-roadshow/roadshow-app/src/main/java/com/cl/roadshow/designpattern/behavior/IteratorDemo.java", "misuse_file_name": "IteratorDemo.java", "file_dirs_containing_proper_use": ["- pumadong/cl-roadshow/roadshow-app/src/main/java/com/cl/roadshow/designpattern/structure/AdapterDemo.java#main(String[])", "- pumadong/cl-roadshow/roadshow-app/src/main/java/com/cl/roadshow/java/util/concurrent/BankTellerSimulation.java#toString()", "- pumadong/cl-roadshow/roadshow-app/src/main/java/com/cl/roadshow/java/util/concurrent/ExchangerDemo.java#run()", "- pumadong/cl-roadshow/roadshow-app/src/main/java/com/cl/roadshow/java/xml/Map2XmlStringDemo.java#toXMLCollection(Collection, Object)", "- pumadong/cl-roadshow/roadshow-app/src/main/java/com/cl/roadshow/java/jtp/blockedio/CalcServer.java#runWork()"], "method_containing_misuse": "main(String[])", "misuse_detection_confidence": "1.0", "startline_of_misuse": "35"}