{"file_dir_containing_misuse": "billchen198318/qifu2/core-base/src/org/qifu/service/logic/impl/SystemProgramLogicServiceImpl.java", "misuse_file_name": "SystemProgramLogicServiceImpl.java", "file_dirs_containing_proper_use": ["- billchen198318/qifu2/core-web/src/org/qifu/controller/RolePermissionAction.java#init(String, HttpServletRequest, ModelAndView)", "- billchen198318/qifu2/core-web/src/org/qifu/controller/RoleAction.java#fetchData(RoleVO, ModelAndView)", "- billchen198318/qifu2/core-web/src/org/qifu/controller/SystemProgramAction.java#fetchData(SysProgVO, ModelAndView)", "- billchen198318/qifu2/core-web/src/org/qifu/controller/SystemSiteAction.java#editPage(HttpServletRequest, String)", "- billchen198318/qifu2/core-web/src/org/qifu/controller/SystemExpressionAction.java#fetchData(SysExpressionVO, ModelAndView)"], "method_containing_misuse": "update(SysProgVO, String, String)", "misuse_detection_confidence": "1.0", "startline_of_misuse": "197"}