{"file_dir_containing_misuse": "Tencent/MSEC/elasticsearch/es_console/src/main/java/beans/service/QueryESClusterDetail.java", "misuse_file_name": "QueryESClusterDetail.java", "file_dirs_containing_proper_use": ["- Tencent/MSEC/msec_console/src/beans/service/DelLibraryFile.java#exec(LibraryFile)", "- Tencent/MSEC/msec_console/src/beans/service/DelIDLTag.java#exec(IDL)", "- Tencent/MSEC/msec_console/src/beans/service/DelReleasePlan.java#exec(ReleasePlan)", "- Tencent/MSEC/redis/redis_console/src/beans/service/DelStaff.java#exec(DelStaffRequest)", "- Tencent/MSEC/msec_console/src/beans/service/AddOddService.java#exec(AddServiceRequest)"], "method_containing_misuse": "exec(QueryESClusterDetailRequest)", "misuse_detection_confidence": "1.0", "startline_of_misuse": "142"}