{"file_dir_containing_misuse": "networknt/json-schema-validator/src/main/java/com/networknt/schema/ItemsValidator.java", "misuse_file_name": "ItemsValidator.java", "file_dirs_containing_proper_use": ["- networknt/json-schema-validator/src/main/java/com/networknt/schema/PropertiesValidator.java#validate(JsonNode, JsonNode, String)", "- networknt/json-schema-validator/src/main/java/com/networknt/schema/DependenciesValidator.java#validate(JsonNode, JsonNode, String)", "- networknt/json-schema-validator/src/main/java/com/networknt/schema/AdditionalPropertiesValidator.java#validate(JsonNode, JsonNode, String)", "- networknt/json-schema-validator/src/main/java/com/networknt/schema/RequiredValidator.java#validate(JsonNode, JsonNode, String)", "- networknt/json-schema-validator/src/main/java/com/networknt/schema/UUIDValidator.java#validate(JsonNode, JsonNode, String)"], "method_containing_misuse": "doValidate(Set, int, JsonNode, JsonNode, String)", "misuse_detection_confidence": "1.0", "startline_of_misuse": "99"}