{"file_dir_containing_misuse": "egojit8/easyweb/src/easyweb/egojit-upms/egojit-upms-service/src/main/java/com/egojit/easyweb/upm/service/SysMenuService.java", "misuse_file_name": "SysMenuService.java", "file_dirs_containing_proper_use": ["- egojit8/easyweb/src/easyweb/egojit-upms/egojit-upms-web/src/main/java/com/egojit/easyweb/upms/web/controller/MenuController.java#index(HttpServletRequest, HttpServletResponse, SysMenu)", "- egojit8/easyweb/src/easyweb/egojit-upms/egojit-upms-web/src/main/java/com/egojit/easyweb/upms/web/controller/OfficeController.java#tree(SysOffice)", "- egojit8/easyweb/src/easyweb/egojit-upms/egojit-upms-web/src/main/java/com/egojit/easyweb/upms/web/controller/CompanyDicController.java#canSelectTree(String)", "- egojit8/easyweb/src/easyweb/egojit-upms/egojit-upms-web/src/main/java/com/egojit/easyweb/upms/web/controller/DictController.java#index(HttpServletRequest, HttpServletResponse, SysDict)", "- egojit8/easyweb/src/easyweb/egojit-upms/egojit-upms-service/src/main/java/com/egojit/easyweb/upm/service/SysMenuService.java#getMenus(String, String)"], "method_containing_misuse": "isHaveChild(String)", "misuse_detection_confidence": "1.0", "startline_of_misuse": "117"}