{"file_dir_containing_misuse": "jenkinsci/amazon-ecs-plugin/src/main/java/com/cloudbees/jenkins/plugins/amazonecs/pipeline/ECSTaskTemplateStepExecution.java", "misuse_file_name": "ECSTaskTemplateStepExecution.java", "file_dirs_containing_proper_use": ["- jenkinsci/amazon-ecs-plugin/src/main/java/com/cloudbees/jenkins/plugins/amazonecs/ECSLauncher.java#getTaskDefinition(String, ECSTaskTemplate, ECSCloud, ECSService)", "- jenkinsci/amazon-ecs-plugin/src/main/java/com/cloudbees/jenkins/plugins/amazonecs/ECSComputer.java#taskAccepted(Executor, Task)", "- jenkinsci/amazon-ecs-plugin/src/main/java/com/cloudbees/jenkins/plugins/amazonecs/ECSService.java#getAmazonECSClient()", "- jenkinsci/amazon-ecs-plugin/src/main/java/com/cloudbees/jenkins/plugins/amazonecs/ECSCloud.java#provision(Label, int)", "- jenkinsci/amazon-ecs-plugin/src/main/java/com/cloudbees/jenkins/plugins/amazonecs/pipeline/ECSTaskTemplateStepExecution.java#start()"], "method_containing_misuse": "start()", "misuse_detection_confidence": "1.0", "startline_of_misuse": "40"}