{"file_dir_containing_misuse": "tuomount/Open-Realms-of-Stars/src/main/java/org/openRealmOfStars/game/States/DiplomacyView.java", "misuse_file_name": "DiplomacyView.java", "file_dirs_containing_proper_use": ["- tuomount/Open-Realms-of-Stars/src/main/java/org/openRealmOfStars/game/States/RealmView.java#RealmView(PlayerInfo, ActionListener)", "- tuomount/Open-Realms-of-Stars/src/main/java/org/openRealmOfStars/game/States/ShipDesignView.java#ShipDesignView(PlayerInfo, ShipDesign, ActionListener)", "- tuomount/Open-Realms-of-Stars/src/main/java/org/openRealmOfStars/game/States/NewsCorpView.java#NewsCorpView(NewsData[], ActionListener)", "- tuomount/Open-Realms-of-Stars/src/main/java/org/openRealmOfStars/game/States/OptionsView.java#OptionsView(ConfigFile, Game, ActionListener)", "- tuomount/Open-Realms-of-Stars/src/main/java/org/openRealmOfStars/game/States/PlayerSetupView.java#createPlayerRaceSelection(InvisiblePanel, int, ActionListener)"], "method_containing_misuse": "DiplomacyView(PlayerInfo, PlayerInfo, StarMap, int, Fleet, Planet, ActionListener)", "misuse_detection_confidence": "1.0", "startline_of_misuse": "301"}