{"file_dir_containing_misuse": "liflab/beepbeep-3/CoreTest/src/ca/uqac/lif/cep/SingleProcessorTest.java", "misuse_file_name": "SingleProcessorTest.java", "file_dirs_containing_proper_use": ["- liflab/beepbeep-3/CoreTest/src/ca/uqac/lif/cep/SingleProcessorTest.java#testStop()", "- liflab/beepbeep-3/CoreTest/src/ca/uqac/lif/cep/io/IoTest.java#testStreamReaderEot()", "- liflab/beepbeep-3/CoreTest/src/ca/uqac/lif/cep/PullableTest.java#testPullNotSupported1()", "- liflab/beepbeep-3/CoreTest/src/ca/uqac/lif/cep/util/PatternScannerTest.java#testPatternScanner2()", "- liflab/beepbeep-3/CoreTest/src/ca/uqac/lif/cep/tmf/DivertTest.java#testPull1()"], "method_containing_misuse": "testWithQueue()", "misuse_detection_confidence": "1.0", "startline_of_misuse": "123"}