{"file_dir_containing_misuse": "sboesebeck/morphium/test/de/caluga/test/mongo/suite/InMemUpdateTest.java", "misuse_file_name": "InMemUpdateTest.java", "file_dirs_containing_proper_use": ["- sboesebeck/morphium/src/de/caluga/morphium/driver/inmem/InMemoryDriver.java#watch(String, int, boolean, DriverTailableIterationCallback)", "- sboesebeck/morphium/src/de/caluga/morphium/SequenceGenerator.java#getNextValue(int)", "- sboesebeck/morphium/src/de/caluga/morphium/Morphium.java#close()", "- sboesebeck/morphium/src/de/caluga/morphium/replicaset/OplogMonitor.java#stop()", "- sboesebeck/morphium/test/de/caluga/test/mongo/suite/MongoTest.java#waitForWrites(Morphium)"], "method_containing_misuse": "setTest()", "misuse_detection_confidence": "1.0", "startline_of_misuse": "139"}