{"file_dir_containing_misuse": "core-lib/httpdoc/httpdoc-objc/src/main/java/io/httpdoc/objc/ObjCMJExtensionModeler.java", "misuse_file_name": "ObjCMJExtensionModeler.java", "file_dirs_containing_proper_use": ["- core-lib/httpdoc/httpdoc-jestful-client/src/main/java/io/httpdoc/jestful/client/JestfulStandardGenerator.java#generate(OperationGenerateContext)", "- core-lib/httpdoc/httpdoc-retrofit2/src/main/java/io/httpdoc/retrofit2/Retrofit2Java8Generator.java#generate(OperationGenerateContext)", "- core-lib/httpdoc/httpdoc-retrofit2/src/main/java/io/httpdoc/retrofit2/Retrofit2RxJavaGenerator.java#generate(OperationGenerateContext)", "- core-lib/httpdoc/httpdoc-jestful-client/src/main/java/io/httpdoc/jestful/client/JestfulRxJavaGenerator.java#generate(OperationGenerateContext)", "- core-lib/httpdoc/httpdoc-retrofit/src/main/java/io/httpdoc/retrofit/RetrofitRxJavaGenerator.java#generate(OperationGenerateContext)"], "method_containing_misuse": "design(Archetype)", "misuse_detection_confidence": "1.0", "startline_of_misuse": "60"}