{"file_dir_containing_misuse": "scalecube/scalecube-services/services/src/test/java/io/scalecube/services/ServiceRemoteTest.java", "misuse_file_name": "ServiceRemoteTest.java", "file_dirs_containing_proper_use": ["- scalecube/scalecube-services/services-examples-parent/services-examples/src/main/java/io/scalecube/services/examples/helloworld/Example2.java#main(String[])", "- scalecube/scalecube-services/services/src/test/java/io/scalecube/services/routings/RoutersTest.java#setup()", "- scalecube/scalecube-services/services-examples-parent/services-examples/src/main/java/io/scalecube/services/examples/exceptions/ExceptionMapperExample.java#main(String[])", "- scalecube/scalecube-services/services-examples-parent/services-examples/src/main/java/io/scalecube/services/examples/services/Example1.java#main(String[])", "- scalecube/scalecube-services/services-examples-parent/services-examples/src/main/java/io/scalecube/services/examples/helloworld/Example3.java#main(String[])"], "method_containing_misuse": "test_services_contribute_to_cluster_metadata()", "misuse_detection_confidence": "1.0", "startline_of_misuse": "351"}