{"file_dir_containing_misuse": "EinsamHauer/disthene-reader/src/main/java/net/iponweb/disthene/reader/graphite/functions/DrawAsInfiniteFunction.java", "misuse_file_name": "DrawAsInfiniteFunction.java", "file_dirs_containing_proper_use": ["- EinsamHauer/disthene-reader/src/main/java/net/iponweb/disthene/reader/graphite/functions/SortByTotalFunction.java#evaluate(TargetEvaluator)", "- EinsamHauer/disthene-reader/src/main/java/net/iponweb/disthene/reader/graphite/functions/SortByNameFunction.java#evaluate(TargetEvaluator)", "- EinsamHauer/disthene-reader/src/main/java/net/iponweb/disthene/reader/graphite/functions/MostDeviantFunction.java#evaluate(TargetEvaluator)", "- EinsamHauer/disthene-reader/src/main/java/net/iponweb/disthene/reader/graphite/functions/HighestAverageFunction.java#evaluate(TargetEvaluator)", "- EinsamHauer/disthene-reader/src/main/java/net/iponweb/disthene/reader/graphite/functions/HighestCurrentFunction.java#evaluate(TargetEvaluator)"], "method_containing_misuse": "evaluate(TargetEvaluator)", "misuse_detection_confidence": "1.0", "startline_of_misuse": "27"}