{"file_dir_containing_misuse": "sikoried/jstk/src/main/java/com/github/sikoried/jstk/stat/Mixture.java", "misuse_file_name": "Mixture.java", "file_dirs_containing_proper_use": ["- sikoried/jstk/src/main/java/com/github/sikoried/jstk/app/Version.java#main(String[])", "- sikoried/jstk/src/main/java/com/github/sikoried/jstk/sampled/AudioPlay.java#main(String[])", "- sikoried/jstk/src/main/java/com/github/sikoried/jstk/app/Concat.java#main(String[])", "- sikoried/jstk/src/main/java/com/github/sikoried/jstk/framed/Selection.java#main(String[])", "- sikoried/jstk/src/main/java/com/github/sikoried/jstk/util/Gnuplot.java#main(String[])"], "method_containing_misuse": "main(String[])", "misuse_detection_confidence": "1.0", "startline_of_misuse": "645"}