{"file_dir_containing_misuse": "vpro/jcr-criteria/src/test/disabled_java/net/sourceforge/openutils/mgnlcriteria/advanced/OrderingTest.java", "misuse_file_name": "OrderingTest.java", "file_dirs_containing_proper_use": ["- vpro/jcr-criteria/src/test/disabled_java/net/sourceforge/openutils/mgnlcriteria/jcr/query/EscapeSignTest.java#testDollar()", "- vpro/jcr-criteria/src/test/disabled_java/net/sourceforge/openutils/mgnlcriteria/advanced/FirstDigitEscapeTest.java#testEscapeParentheses()", "- vpro/jcr-criteria/src/test/disabled_java/net/sourceforge/openutils/mgnlcriteria/advanced/OrderingTest.java#testNoOrderWithPagination()", "- vpro/jcr-criteria/src/test/disabled_java/net/sourceforge/openutils/mgnlcriteria/advanced/PaginationTest.java#testSetMaxResults()", "- vpro/jcr-criteria/src/test/disabled_java/net/sourceforge/openutils/mgnlcriteria/jcr/query/lucene/AclSearchIndexTest.java#testDogsExcluded()"], "method_containing_misuse": "testNoOrderWithOffset()", "misuse_detection_confidence": "1.0", "startline_of_misuse": "253"}