{"file_dir_containing_misuse": "iyzico/iyzipay-java/src/main/java/com/iyzipay/model/Buyer.java", "misuse_file_name": "Buyer.java", "file_dirs_containing_proper_use": ["- iyzico/iyzipay-java/src/main/java/com/iyzipay/request/RetrieveBinNumberRequest.java#toString()", "- iyzico/iyzipay-java/src/main/java/com/iyzipay/request/UpdateSubMerchantRequest.java#toString()", "- iyzico/iyzipay-java/src/main/java/com/iyzipay/request/CreateBkmInitializeRequest.java#toString()", "- iyzico/iyzipay-java/src/main/java/com/iyzipay/request/RetrieveCheckoutFormRequest.java#toString()", "- iyzico/iyzipay-java/src/main/java/com/iyzipay/request/CreateThreedsPaymentRequest.java#toString()"], "method_containing_misuse": "toString()", "misuse_detection_confidence": "1.0", "startline_of_misuse": "127"}