{"file_dir_containing_misuse": "scalecube/scalecube-services/services-benchmarks/src/main/java/io/scalecube/services/benchmarks/transport/BenchmarkServiceState.java", "misuse_file_name": "BenchmarkServiceState.java", "file_dirs_containing_proper_use": ["- scalecube/scalecube-services/services-examples-parent/services-examples/src/main/java/io/scalecube/services/examples/helloworld/Example2.java#main(String[])", "- scalecube/scalecube-services/services/src/test/java/io/scalecube/services/routings/RoutersTest.java#setup()", "- scalecube/scalecube-services/services-examples-parent/services-examples/src/main/java/io/scalecube/services/examples/exceptions/ExceptionMapperExample.java#main(String[])", "- scalecube/scalecube-services/services-examples-parent/services-examples/src/main/java/io/scalecube/services/examples/services/Example1.java#main(String[])", "- scalecube/scalecube-services/services-examples-parent/services-examples/src/main/java/io/scalecube/services/examples/helloworld/Example3.java#main(String[])"], "method_containing_misuse": "beforeAll()", "misuse_detection_confidence": "1.0", "startline_of_misuse": "34"}