{"file_dir_containing_misuse": "ckpoint/CheckPoint/src/main/java/hsim/checkpoint/core/repository/ValidationDataRepository.java", "misuse_file_name": "ValidationDataRepository.java", "file_dirs_containing_proper_use": ["- ckpoint/CheckPoint/src/test/java/hsim/checkpoint/test/rule/check/PatternRuleTest.java#PatternRuleTest()", "- ckpoint/CheckPoint/src/test/java/hsim/checkpoint/test/rule/check/BlackListCheck.java#BlackListCheck()", "- ckpoint/CheckPoint/src/test/java/hsim/checkpoint/test/rule/replace/TrimRuleTest.java#TrimRuleTest()", "- ckpoint/CheckPoint/src/test/java/hsim/checkpoint/test/rule/check/MaxSizeRuleTest.java#MaxSizeRuleTest()", "- ckpoint/CheckPoint/src/main/java/hsim/checkpoint/core/repository/ValidationDataRepository.java#findByMethodAndUrlAndNameAndParentId(String, String, String, Long)"], "method_containing_misuse": "findByParamTypeAndMethodAndUrlAndName(ParamType, String, String, String)", "misuse_detection_confidence": "1.0", "startline_of_misuse": "184"}