{"file_dir_containing_misuse": "mukatee/osmo/examples/src/osmo/tester/examples/vendingmachine/VendingExample.java", "misuse_file_name": "VendingExample.java", "file_dirs_containing_proper_use": ["- mukatee/osmo/osmotester/src/osmo/tester/explorer/MainExplorer.java#pruneBest(Collection, int)", "- mukatee/osmo/osmotester/test/osmo/tester/unittests/endconditions/WeightedEndConditionSetTests.java#twoLengths()", "- mukatee/osmo/osmotester/src/osmo/tester/optimizer/reducer/debug/invariants/StrictPrecedence.java#process(List)", "- mukatee/osmo/osmotester/src/osmo/tester/generator/endcondition/structure/ElementCoverageRequirement.java#init(FSM)", "- mukatee/osmo/osmotester/src/osmo/tester/optimizer/reducer/debug/invariants/FlexPrecedence.java#process(List)"], "method_containing_misuse": "start()", "misuse_detection_confidence": "1.0", "startline_of_misuse": "47"}