{"file_dir_containing_misuse": "tuomount/Open-Realms-of-Stars/src/main/java/org/openRealmOfStars/player/ship/ShipStat.java", "misuse_file_name": "ShipStat.java", "file_dirs_containing_proper_use": ["- tuomount/Open-Realms-of-Stars/src/main/java/org/openRealmOfStars/utilities/repository/MissionRepository.java#saveMission(DataOutputStream, Mission)", "- tuomount/Open-Realms-of-Stars/src/main/java/org/openRealmOfStars/player/message/Message.java#saveMessage(DataOutputStream)", "- tuomount/Open-Realms-of-Stars/src/main/java/org/openRealmOfStars/utilities/repository/SunRepository.java#saveSun(DataOutputStream, Sun)", "- tuomount/Open-Realms-of-Stars/src/main/java/org/openRealmOfStars/player/tech/TechListForLevel.java#saveTechListForLevel(DataOutputStream)", "- tuomount/Open-Realms-of-Stars/src/main/java/org/openRealmOfStars/player/ship/shipdesign/ShipDesign.java#saveShipDesign(DataOutputStream)"], "method_containing_misuse": "saveShipStat(DataOutputStream)", "misuse_detection_confidence": "1.0", "startline_of_misuse": "114"}