{"file_dir_containing_misuse": "billchen198318/qifu2/core-base/src/org/qifu/service/logic/impl/RoleLogicServiceImpl.java", "misuse_file_name": "RoleLogicServiceImpl.java", "file_dirs_containing_proper_use": ["- billchen198318/qifu2/core-base/src/org/qifu/service/logic/impl/SystemMenuLogicServiceImpl.java#createOrUpdate(String, List)", "- billchen198318/qifu2/core-lib/src/org/qifu/base/service/BaseService.java#deleteObject(T)", "- billchen198318/qifu2/core-lib/src/org/qifu/base/service/BaseMapperService.java#delete(T)", "- billchen198318/qifu2/core-base/src/org/qifu/service/impl/SysUploadServiceImpl.java#updateTypeOnly(String, String)", "- billchen198318/qifu2/core-base/src/org/qifu/service/logic/impl/RoleLogicServiceImpl.java#updateMenuRole(String, List)"], "method_containing_misuse": "updateMenuRole(String, List)", "misuse_detection_confidence": "1.0", "startline_of_misuse": "513"}