{"file_dir_containing_misuse": "billchen198318/qifu2/core-lib/src/org/qifu/util/SFtpClientUtils.java", "misuse_file_name": "SFtpClientUtils.java", "file_dirs_containing_proper_use": ["- billchen198318/qifu2/core-base/src/org/qifu/service/impl/AccountServiceImpl.java#findForAllMap(boolean)", "- billchen198318/qifu2/core-base/src/org/qifu/util/IconUtils.java#getIconsSelectData()", "- billchen198318/qifu2/core-base/src/org/qifu/base/service/logic/BusinessProcessManagementBaseLogicService.java#queryTaskByVariable(String, String)", "- billchen198318/qifu2/core-base/src/org/qifu/util/SystemExpressionJobUtils.java#initRunStatusFlag(String)", "- billchen198318/qifu2/core-base/src/org/qifu/service/logic/impl/RoleLogicServiceImpl.java#deleteRolePermission(Map)"], "method_containing_misuse": "get(String, String, String, int, List, List)", "misuse_detection_confidence": "1.0", "startline_of_misuse": "150"}