{"file_dir_containing_misuse": "scalecube/scalecube-services/services-api/src/test/java/io/scalecube/services/methods/ServiceMethodInvokerTest.java", "misuse_file_name": "ServiceMethodInvokerTest.java", "file_dirs_containing_proper_use": ["- scalecube/scalecube-services/services/src/test/java/io/scalecube/services/ServiceCallRemoteTest.java#test_service_address_lookup_occur_only_after_subscription()", "- scalecube/scalecube-services/services/src/main/java/io/scalecube/services/ServiceCall.java#toServiceMessage(MethodInfo, Object)", "- scalecube/scalecube-services/services-examples-parent/services-examples/src/main/java/io/scalecube/services/examples/helloworld/Example2.java#main(String[])", "- scalecube/scalecube-services/services/src/test/java/io/scalecube/services/StreamingServiceTest.java#test_scheduled_messages()", "- scalecube/scalecube-services/services-api/src/main/java/io/scalecube/services/api/ServiceMessage.java#error(int, int, String)"], "method_containing_misuse": "testInvokeManyWhenReturnNull()", "misuse_detection_confidence": "1.0", "startline_of_misuse": "70"}