{"file_dir_containing_misuse": "fossasia/open-event-droidgen/android/app/src/main/java/org/fossasia/openevent/core/track/session/SessionDetailActivity.java", "misuse_file_name": "SessionDetailActivity.java", "file_dirs_containing_proper_use": ["- fossasia/open-event-droidgen/android/app/src/main/java/org/fossasia/openevent/core/feed/twitter/TwitterFeedFragment.java#showRetrySnackbar(int)", "- fossasia/open-event-droidgen/android/app/src/main/java/org/fossasia/openevent/core/feedback/FeedbackFragment.java#onFeedbacksDownloadDone(boolean)", "- fossasia/open-event-droidgen/android/app/src/main/java/org/fossasia/openevent/core/discount/DiscountCodeFragment.java#onDiscountCodeDownloadDone(boolean)", "- fossasia/open-event-droidgen/android/app/src/main/java/org/fossasia/openevent/core/notifications/NotificationsFragment.java#onNotificationsDownloadDone(boolean)", "- fossasia/open-event-droidgen/android/app/src/main/java/org/fossasia/openevent/core/track/TracksFragment.java#onTrackDownloadDone(TracksDownloadEvent)"], "method_containing_misuse": "showSnackbar(BookmarkStatus)", "misuse_detection_confidence": "1.0", "startline_of_misuse": "510"}