{"file_dir_containing_misuse": "liflab/beepbeep-3-palettes/Graphviz/src/ca/uqac/lif/cep/graphviz/Graph.java", "misuse_file_name": "Graph.java", "file_dirs_containing_proper_use": ["- liflab/beepbeep-3-palettes/Tuples/src/ca/uqac/lif/cep/tuples/Select.java#toString()", "- liflab/beepbeep-3-palettes/Tuples/src/ca/uqac/lif/cep/tuples/From.java#toString()", "- liflab/beepbeep-3-palettes/Fsm/src/ca/uqac/lif/cep/fsm/FunctionTransition.java#toString()", "- liflab/beepbeep-3-palettes/Tuples/src/ca/uqac/lif/cep/tuples/TupleFixed.java#toString()", "- liflab/beepbeep-3-palettes/Tuples/src/ca/uqac/lif/cep/tuples/GetAttribute.java#toString()"], "method_containing_misuse": "toDot()", "misuse_detection_confidence": "1.0", "startline_of_misuse": "217"}