{"file_dir_containing_misuse": "javolution/javolution/src/main/java/org/javolution/util/AbstractTable.java", "misuse_file_name": "AbstractTable.java", "file_dirs_containing_proper_use": ["- javolution/javolution/src/main/java/org/javolution/util/AbstractCollection.java#toArray(T[])", "- javolution/javolution/src/main/java/org/javolution/util/internal/collection/DistinctCollectionImpl.java#size()", "- javolution/javolution/src/main/java/org/javolution/util/internal/set/FilteredSetImpl.java#size()", "- javolution/javolution/src/main/java/org/javolution/util/internal/set/SubSetImpl.java#size()", "- javolution/javolution/src/main/java/org/javolution/context/internal/SecurityContextImpl.java#isGranted(Permission)"], "method_containing_misuse": "equals(Object)", "misuse_detection_confidence": "1.0", "startline_of_misuse": "253"}