{"file_dir_containing_misuse": "akosba/jsnark/JsnarkCircuitBuilder/src/circuit/structure/WireArray.java", "misuse_file_name": "WireArray.java", "file_dirs_containing_proper_use": ["- akosba/jsnark/JsnarkCircuitBuilder/src/examples/gadgets/hash/SHA256Gadget.java#computeMaj(Wire, Wire, Wire, int)", "- akosba/jsnark/JsnarkCircuitBuilder/src/circuit/auxiliary/LongElement.java#assertEquality(LongElement)", "- akosba/jsnark/JsnarkCircuitBuilder/src/examples/gadgets/blockciphers/sbox/AESSBoxGadgetOptimized1.java#buildCircuit()", "- akosba/jsnark/JsnarkCircuitBuilder/src/examples/gadgets/diffieHellmanKeyExchange/FieldExtensionDHKeyExchange.java#exp(Wire[], Wire[], Wire[][])", "- akosba/jsnark/JsnarkCircuitBuilder/src/examples/gadgets/diffieHellmanKeyExchange/ECDHKeyExchangeGadget.java#assertPointOrder(AffinePoint, AffinePoint[])"], "method_containing_misuse": "rotateLeft(int, int, String)", "misuse_detection_confidence": "1.0", "startline_of_misuse": "276"}