{"file_dir_containing_misuse": "Pishka/MineDonate/forge 1.7.10/src/main/java/ru/alastar/minedonate/gui/categories/UsersShopsCategory.java", "misuse_file_name": "UsersShopsCategory.java", "file_dirs_containing_proper_use": ["- Pishka/MineDonate/forge 1.7.10/src/main/java/ru/log_inil/mc/minedonate/gui/frames/GuiFrameDeleteItem.java#postShow(ShopGUI)", "- Pishka/MineDonate/forge 1.7.10/src/main/java/ru/log_inil/mc/minedonate/gui/frames/GuiFrameFreezeShop.java#postShow(ShopGUI)", "- Pishka/MineDonate/forge 1.7.10/src/main/java/ru/log_inil/mc/minedonate/gui/frames/GuiFrameConfirm.java#postShow(ShopGUI)", "- Pishka/MineDonate/forge 1.7.10/src/main/java/ru/log_inil/mc/minedonate/gui/frames/GuiFrameTextField.java#postShow(ShopGUI)", "- Pishka/MineDonate/forge 1.7.10/src/main/java/ru/log_inil/mc/minedonate/gui/frames/GuiFrameEditItem.java#postShow(ShopGUI)"], "method_containing_misuse": "updateButtons(ShopGUI, int)", "misuse_detection_confidence": "1.0", "startline_of_misuse": "102"}