{"file_dir_containing_misuse": "Tencent/MSEC/msec_console/src/ngse/org/Tools.java", "misuse_file_name": "Tools.java", "file_dirs_containing_proper_use": ["- Tencent/MSEC/elasticsearch/es_console/src/main/java/beans/service/DownloadMonitorChart.java#exec(MonitorRequest)", "- Tencent/MSEC/redis/redis_console/src/beans/service/DownloadAlarmChart.java#exec(Alarm)", "- Tencent/MSEC/msec_console/src/beans/service/IDLGeneCodeAndDownload.java#exec(IDL)", "- Tencent/MSEC/elasticsearch/es_console/src/main/java/beans/service/DownloadAlarmChart.java#exec(Alarm)", "- Tencent/MSEC/msec_console/src/beans/service/DownloadDevGO.java#doStep2(DevPackage)"], "method_containing_misuse": "copyFile(String, String)", "misuse_detection_confidence": "1.0", "startline_of_misuse": "538"}