{"file_dir_containing_misuse": "openmrs/openmrs-module-webservices.rest/omod-1.8/src/test/java/org/openmrs/module/webservices/rest/web/v1_0/controller/openmrs1_8/PersonAddressController1_8Test.java", "misuse_file_name": "PersonAddressController1_8Test.java", "file_dirs_containing_proper_use": ["- openmrs/openmrs-module-webservices.rest/omod-1.8/src/test/java/org/openmrs/module/webservices/rest/web/v1_0/controller/openmrs1_8/PersonAttributeTypeController1_8Test.java#findPersonAttributeTypes_shouldFindMatchingPersonAttributeTypes()", "- openmrs/openmrs-module-webservices.rest/omod-1.9/src/test/java/org/openmrs/module/webservices/rest/web/v1_0/controller/openmrs1_9/EncounterController1_9Test.java#createEncounter_shouldCreateEncounterWithProviders()", "- openmrs/openmrs-module-webservices.rest/omod-1.8/src/test/java/org/openmrs/module/webservices/rest/web/v1_0/controller/openmrs1_8/CohortMemberController1_8Test.java#getCohortMember_shouldGetADefaultRepresentationOfACohortMember()", "- openmrs/openmrs-module-webservices.rest/omod-1.9/src/test/java/org/openmrs/module/webservices/rest/web/v1_0/controller/openmrs1_9/ProblemController1_9Test.java#getProblem_shouldGetAFullRepresentationOfAProblem()", "- openmrs/openmrs-module-webservices.rest/omod-1.8/src/test/java/org/openmrs/module/webservices/rest/web/v1_0/controller/openmrs1_8/CohortController1_8Test.java#getCohortByExactName_shouldGetADefaultRepresentationOfACohort()"], "method_containing_misuse": "shouldIncludeLatitudeLongituteAndAuditInfoForFullRepresentation()", "misuse_detection_confidence": "1.0", "startline_of_misuse": "106"}