{"file_dir_containing_misuse": "palantir/conjure-java-runtime/conjure-java-server-verifier/src/test/java/com/palantir/verification/server/VerificationClients.java", "misuse_file_name": "VerificationClients.java", "file_dirs_containing_proper_use": ["- palantir/conjure-java-runtime/conjure-java-jaxrs-client/src/test/java/com/palantir/conjure/java/client/jaxrs/feignimpl/GuavaOptionalAwareDecoderTest.java#before()", "- palantir/conjure-java-runtime/conjure-java-jaxrs-client/src/test/java/com/palantir/conjure/java/client/jaxrs/feignimpl/TextDelegateDecoderTest.java#before()", "- palantir/conjure-java-runtime/conjure-java-jaxrs-client/src/test/java/com/palantir/conjure/java/client/jaxrs/JaxRsClientGuavaOptionalHandlingTest.java#before()", "- palantir/conjure-java-runtime/conjure-java-jaxrs-client/src/test/java/com/palantir/conjure/java/client/jaxrs/TracerTest.java#before()", "- palantir/conjure-java-runtime/conjure-java-jaxrs-client/src/test/java/com/palantir/conjure/java/client/jaxrs/JaxRsClientQueryParamHandlingTest.java#before()"], "method_containing_misuse": "verificationClientService(VerificationClientRule)", "misuse_detection_confidence": "1.0", "startline_of_misuse": "28"}