{"file_dir_containing_misuse": "oltpbenchmark/oltpbench/src/com/oltpbenchmark/benchmarks/tpcc/TPCCLoader.java", "misuse_file_name": "TPCCLoader.java", "file_dirs_containing_proper_use": ["- oltpbenchmark/oltpbench/src/com/oltpbenchmark/benchmarks/twitter/procedures/GetTweetsFromFollowing.java#run(Connection, int)", "- oltpbenchmark/oltpbench/src/com/oltpbenchmark/benchmarks/tatp/procedures/GetSubscriberData.java#run(Connection, long)", "- oltpbenchmark/oltpbench/src/com/oltpbenchmark/benchmarks/epinions/procedures/GetAverageRatingByTrustedUser.java#run(Connection, long, long)", "- oltpbenchmark/oltpbench/src/com/oltpbenchmark/benchmarks/tatp/procedures/GetNewDestination.java#run(Connection, long, byte, byte, byte)", "- oltpbenchmark/oltpbench/src/com/oltpbenchmark/benchmarks/voter/procedures/Vote.java#run(Connection, long, long, int, long)"], "method_containing_misuse": "loadStock(Connection, int, int)", "misuse_detection_confidence": "1.0", "startline_of_misuse": "316"}