{"file_dir_containing_misuse": "ManyDesigns/Portofino/elements/src/main/java/com/manydesigns/elements/fields/helpers/CodiceFiscaleFieldHelper.java", "misuse_file_name": "CodiceFiscaleFieldHelper.java", "file_dirs_containing_proper_use": ["- ManyDesigns/Portofino/elements/src/main/java/com/manydesigns/elements/fields/search/AbstractSearchField.java#AbstractSearchField(PropertyAccessor, String)", "- ManyDesigns/Portofino/elements/src/main/java/com/manydesigns/elements/fields/TextField.java#TextField(PropertyAccessor, Mode, String)", "- ManyDesigns/Portofino/elements/src/main/java/com/manydesigns/elements/fields/AbstractField.java#AbstractField(PropertyAccessor, Mode, String)", "- ManyDesigns/Portofino/elements/src/main/java/com/manydesigns/elements/fields/AbstractTextField.java#AbstractTextField(PropertyAccessor, Mode, String)", "- ManyDesigns/Portofino/elements/src/main/java/com/manydesigns/elements/fields/NumericField.java#NumericField(PropertyAccessor, Mode, String)"], "method_containing_misuse": "tryToInstantiateSearchField(ClassAccessor, PropertyAccessor, String)", "misuse_detection_confidence": "1.0", "startline_of_misuse": "58"}