{"file_dir_containing_misuse": "open-dingtalk/isv-demo-java/biz/src/test/java/com/dingtalk/isv/access/biz/dao/suite/SuiteDaoTest.java", "misuse_file_name": "SuiteDaoTest.java", "file_dirs_containing_proper_use": ["- open-dingtalk/isv-demo-java/biz/src/test/java/com/dingtalk/isv/access/biz/dao/suite/ChannelDaoTest.java#test_getAppBySuiteKey()", "- open-dingtalk/isv-demo-java/biz/src/test/java/com/dingtalk/isv/access/biz/dao/suite/AppDaoTest.java#test_getAppBySuiteKey()", "- open-dingtalk/isv-demo-java/biz/src/test/java/com/dingtalk/isv/access/biz/dao/suite/SuiteTokenDaoTest.java#test_getSuiteTicketByKey()", "- open-dingtalk/isv-demo-java/biz/src/test/java/com/dingtalk/isv/access/biz/dao/CorpTokenDaoTest.java#test_getSuiteByKey()", "- open-dingtalk/isv-demo-java/biz/src/test/java/com/dingtalk/isv/access/biz/dao/suite/SuiteDaoTest.java#test_getAllSuiteByKey()"], "method_containing_misuse": "test_getAllSuiteByKey()", "misuse_detection_confidence": "1.0", "startline_of_misuse": "54"}