{"file_dir_containing_misuse": "kensens/FrAngel/src/frangel/Equals.java", "misuse_file_name": "Equals.java", "file_dirs_containing_proper_use": ["- kensens/FrAngel/src/frangel/model/statement/IfStatement.java#toJava(StringBuilder, boolean)", "- kensens/FrAngel/src/frangel/model/statement/ForEachLoop.java#toJava(StringBuilder, boolean)", "- kensens/FrAngel/src/frangel/model/statement/ForLoop.java#clone()", "- kensens/FrAngel/src/frangel/JavaFunctionLoader.java#resetData(SynthesisTask)", "- kensens/FrAngel/src/frangel/Equals.java#customEquals(Object, Object, Map)"], "method_containing_misuse": "customEquals(Object, Object, Map)", "misuse_detection_confidence": "1.0", "startline_of_misuse": "75"}