{"file_dir_containing_misuse": "417511458/jbone/jbone-cms/jbone-cms-portal/src/main/java/cn/jbone/cms/portal/service/CommonService.java", "misuse_file_name": "CommonService.java", "file_dirs_containing_proper_use": ["- 417511458/jbone/jbone-cms/jbone-cms-portal/src/main/java/cn/jbone/cms/portal/service/LinkService.java#findAll()", "- 417511458/jbone/jbone-cms/jbone-cms-portal/src/main/java/cn/jbone/cms/portal/service/TagService.java#findById(Long)", "- 417511458/jbone/jbone-cms/jbone-cms-portal/src/main/java/cn/jbone/cms/portal/service/ArticleService.java#findArticles(ArticleSearchDO)", "- 417511458/jbone/jbone-cms/jbone-cms-portal/src/main/java/cn/jbone/cms/portal/service/CategoryService.java#getCategoryTocTree(Long)", "- 417511458/jbone/jbone-cms/jbone-cms-portal/src/main/java/cn/jbone/cms/portal/service/CommentService.java#getByArticleId(Long)"], "method_containing_misuse": "setGlobalPlugins(ModelMap)", "misuse_detection_confidence": "1.0", "startline_of_misuse": "76"}