{"file_dir_containing_misuse": "spockframework/spock/spock-core/src/main/java/org/spockframework/util/JsonWriter.java", "misuse_file_name": "JsonWriter.java", "file_dirs_containing_proper_use": ["- spockframework/spock/spock-spring/src/main/java/org/spockframework/spring/mock/SpockMockPostprocessor.java#registerAliases(ConfigurableListableBeanFactory, MockDefinition, String)", "- spockframework/spock/spock-core/src/main/java/org/spockframework/runtime/condition/ObjectRendererService.java#getParents(Set)", "- spockframework/spock/spock-core/src/main/java/org/spockframework/util/ReflectionUtil.java#isAnnotationPresent(AnnotatedElement, String)", "- spockframework/spock/spock-core/src/main/java/org/spockframework/runtime/ExtensionRunner.java#doRunAnnotationDrivenExtensions(Iterable)", "- spockframework/spock/spock-core/src/main/java/org/spockframework/util/CollectionUtil.java#containsAny(Iterable, Object)"], "method_containing_misuse": "writeIterable(Iterable)", "misuse_detection_confidence": "1.0", "startline_of_misuse": "92"}