{"file_dir_containing_misuse": "Pishka/MineDonate/forge 1.7.10/src/main/java/ru/alastar/minedonate/rtnl/ModShopManager.java", "misuse_file_name": "ModShopManager.java", "file_dirs_containing_proper_use": ["- Pishka/MineDonate/forge 1.7.10/src/main/java/ru/alastar/minedonate/merch/categories/ItemNBlocks.java#loadCategory()", "- Pishka/MineDonate/forge 1.7.10/src/main/java/ru/alastar/minedonate/rtnl/ModShopLogger.java#reverseAllBoughts(boolean, boolean, Date, Date, boolean, String)", "- Pishka/MineDonate/forge 1.7.10/src/main/java/ru/alastar/minedonate/merch/categories/Entities.java#loadCategory()", "- Pishka/MineDonate/forge 1.7.10/src/main/java/ru/alastar/minedonate/MineDonate.java#getAccount0(UUID, boolean)", "- Pishka/MineDonate/forge 1.7.10/src/main/java/ru/alastar/minedonate/merch/categories/Privelegies.java#loadCategory()"], "method_containing_misuse": "removeEntryFromShop(EntityPlayerMP, Shop, int, int)", "misuse_detection_confidence": "1.0", "startline_of_misuse": "404"}