{"file_dir_containing_misuse": "OpenCCG/openccg/src/opennlp/ccgbank/extract/LexExtract.java", "misuse_file_name": "LexExtract.java", "file_dirs_containing_proper_use": ["- OpenCCG/openccg/src/opennlp/ccg/test/Regression.java#writeDerivationFactors(File, String)", "- OpenCCG/openccg/src/opennlp/ccgbank/extract/RulesExtract.java#extractRules(ExtractionProperties)", "- OpenCCG/openccg/src/opennlp/ccg/lexicon/DefaultTokenizer.java#main(String[])", "- OpenCCG/openccg/src/opennlp/ccg/util/XmlScanner.java#handleRoot(Element)", "- OpenCCG/openccg/src/opennlp/ccg/ngrams/SRILM_ScorerMaker.java#prepScorersSummary(File)"], "method_containing_misuse": "extractLex(ExtractionProperties)", "misuse_detection_confidence": "1.0", "startline_of_misuse": "96"}