{"file_dir_containing_misuse": "kuros/random-jpa/src/test/java/com/github/kuros/random/jpa/resolver/CreationOrderResolverImplTest.java", "misuse_file_name": "CreationOrderResolverImplTest.java", "file_dirs_containing_proper_use": ["- kuros/random-jpa/src/test/java/com/github/kuros/random/jpa/random/generator/types/FloatGeneratorTest.java#testGetTypes()", "- kuros/random-jpa/src/test/java/com/github/kuros/random/jpa/random/generator/types/StringGeneratorTest.java#testGetTypes()", "- kuros/random-jpa/src/test/java/com/github/kuros/random/jpa/random/generator/types/ByteGeneratorTest.java#testGetTypes()", "- kuros/random-jpa/src/test/java/com/github/kuros/random/jpa/random/generator/types/BigIntegerGeneratorTest.java#testGetTypes()", "- kuros/random-jpa/src/test/java/com/github/kuros/random/jpa/random/generator/types/LongGeneratorTest.java#testGetTypes()"], "method_containing_misuse": "shouldGenerateOrderForMultipleDepthV2()", "misuse_detection_confidence": "1.0", "startline_of_misuse": "58"}