{"file_dir_containing_misuse": "burtcorp/jmespath-java/jmespath-core/src/main/java/io/burt/jmespath/function/ArgumentConstraints.java", "misuse_file_name": "ArgumentConstraints.java", "file_dirs_containing_proper_use": ["- burtcorp/jmespath-java/jmespath-core/src/test/java/io/burt/jmespath/ComplianceRunner.java#run(RunNotifier)", "- burtcorp/jmespath-java/jmespath-core/src/main/java/io/burt/jmespath/jcf/JsonParser.java#visitJsonArray(JsonArrayContext)", "- burtcorp/jmespath-java/jmespath-core/src/main/java/io/burt/jmespath/function/ArgumentConstraints.java#checkElements(Adapter, T)", "- burtcorp/jmespath-java/jmespath-core/src/main/java/io/burt/jmespath/parser/ParseException.java#joinMessages(Iterable)", "- burtcorp/jmespath-java/jmespath-core/src/main/java/io/burt/jmespath/function/AvgFunction.java#performMathOperation(Adapter, List)"], "method_containing_misuse": "check(Adapter, Iterator, boolean)", "misuse_detection_confidence": "1.0", "startline_of_misuse": "188"}