{"file_dir_containing_misuse": "schemaanalyst/schemaanalyst/src/main/java/org/schemaanalyst/testgeneration/coveragecriterion/integrityconstraint/ConstraintSupplier.java", "misuse_file_name": "ConstraintSupplier.java", "file_dirs_containing_proper_use": ["- schemaanalyst/schemaanalyst/src/main/java/org/schemaanalyst/mutation/analysis/technique/TransactedFullSchemata.java#renameMutants(List)", "- schemaanalyst/schemaanalyst/src/main/java/org/schemaanalyst/mutation/analysis/technique/FullTransactedJustInTimeSchemata.java#renameMutants(List)", "- schemaanalyst/schemaanalyst/src/main/java/org/schemaanalyst/mutation/analysis/technique/TransactedJustInTimeSchemata.java#renameMutants(List)", "- schemaanalyst/schemaanalyst/src/main/java/org/schemaanalyst/mutation/analysis/technique/JustInTimeSchemata.java#renameMutants(List)", "- schemaanalyst/schemaanalyst/src/main/java/org/schemaanalyst/mutation/analysis/technique/UpFrontSchemata.java#renameMutants(List)"], "method_containing_misuse": "getConstraints(Schema, Table)", "misuse_detection_confidence": "1.0", "startline_of_misuse": "15"}