{"file_dir_containing_misuse": "pumadong/cl-roadshow/roadshow-app/src/main/java/com/cl/roadshow/algorithm/HashDemo.java", "misuse_file_name": "HashDemo.java", "file_dirs_containing_proper_use": ["- pumadong/cl-roadshow/roadshow-app/src/main/java/com/cl/roadshow/designpattern/other/ProducerComsumerWithWaitDemo.java#main(String[])", "- pumadong/cl-roadshow/roadshow-app/src/main/java/com/cl/roadshow/java/lang/thread/WaitingDemo.java#run()", "- pumadong/cl-roadshow/roadshow-app/src/main/java/com/cl/roadshow/java/lang/thread/PoolingHttpClientConnectionManagerDemo.java#run()", "- pumadong/cl-roadshow/roadshow-app/src/main/java/com/cl/roadshow/java/lang/thread/DeadLockMutexDemo.java#run()", "- pumadong/cl-roadshow/roadshow-sonar/src/main/java/com/cl/sonar/InterruptedException.java#main(String[])"], "method_containing_misuse": "main(String[])", "misuse_detection_confidence": "1.0", "startline_of_misuse": "25"}