{"file_dir_containing_misuse": "flyingsaucerproject/flyingsaucer/flying-saucer-core/src/main/java/org/xhtmlrenderer/css/parser/property/ListStylePropertyBuilder.java", "misuse_file_name": "ListStylePropertyBuilder.java", "file_dirs_containing_proper_use": ["- flyingsaucerproject/flyingsaucer/flying-saucer-examples/src/main/java/ListFontFamilyNames.java#main(String[])", "- flyingsaucerproject/flyingsaucer/flying-saucer-pdf-itext5/src/main/java/org/xhtmlrenderer/pdf/TrueTypeUtil.java#getFamilyNames(BaseFont)", "- flyingsaucerproject/flyingsaucer/flying-saucer-core/src/main/java/org/xhtmlrenderer/layout/BoxBuilder.java#resolveTableContent(LayoutContext, BlockBox, List, ChildBoxInfo)", "- flyingsaucerproject/flyingsaucer/flying-saucer-core/src/main/java/org/xhtmlrenderer/simple/NoNamespaceHandler.java#getStylesheets(Document)", "- flyingsaucerproject/flyingsaucer/flying-saucer-pdf/src/main/java/org/xhtmlrenderer/pdf/DOMUtil.java#getChildren(Element, String)"], "method_containing_misuse": "buildDeclarations(CSSName, List, int, boolean, boolean)", "misuse_detection_confidence": "1.0", "startline_of_misuse": "89"}