{"file_dir_containing_misuse": "exasol/sql-statement-builder/src/test/java/com/exasol/sql/dql/select/rendering/TestSelectRendering.java", "misuse_file_name": "TestSelectRendering.java", "file_dirs_containing_proper_use": ["- exasol/sql-statement-builder/src/test/java/com/exasol/sql/ddl/create/rendering/TestCreateTableRendering.java#testCreateTableRendersToWithConfig()", "- exasol/sql-statement-builder/src/test/java/com/exasol/sql/expression/rendering/TestBooleanExpressionRenderer.java#testAndWhitNestedOrInLowercase()", "- exasol/sql-statement-builder/src/test/java/com/exasol/sql/dml/insert/rendering/TestInsertRenderer.java#testCreateWithConfig()", "- exasol/sql-statement-builder/src/test/java/com/exasol/sql/ddl/create/rendering/TestCreateSchemaRenderer.java#testCreateWithConfig()", "- exasol/sql-statement-builder/src/test/java/com/exasol/sql/dml/insert/rendering/TestInsertRendering.java#testInsertRendersToWithConfig()"], "method_containing_misuse": "testSelectWithQuotedIdentifiersDoesNotAddExtraQuotes()", "misuse_detection_confidence": "1.0", "startline_of_misuse": "91"}