{"file_dir_containing_misuse": "sikoried/jstk/src/main/java/com/github/sikoried/jstk/stat/Mixture.java", "misuse_file_name": "Mixture.java", "file_dirs_containing_proper_use": ["- sikoried/jstk/src/main/java/com/github/sikoried/jstk/framed/LPCSpectrum.java#main(String[])", "- sikoried/jstk/src/main/java/com/github/sikoried/jstk/framed/FastACF.java#main(String[])", "- sikoried/jstk/src/main/java/com/github/sikoried/jstk/framed/Formants.java#main(String[])", "- sikoried/jstk/src/main/java/com/github/sikoried/jstk/framed/DTMF.java#main(String[])", "- sikoried/jstk/src/main/java/com/github/sikoried/jstk/app/MkInitFtFile.java#main(String[])"], "method_containing_misuse": "main(String[])", "misuse_detection_confidence": "1.0", "startline_of_misuse": "955"}