{"file_dir_containing_misuse": "tuomount/Open-Realms-of-Stars/src/main/java/org/openRealmOfStars/game/Game.java", "misuse_file_name": "Game.java", "file_dirs_containing_proper_use": ["- tuomount/Open-Realms-of-Stars/src/main/java/org/openRealmOfStars/game/States/ShipDesignView.java#handleAction(ActionEvent)", "- tuomount/Open-Realms-of-Stars/src/main/java/org/openRealmOfStars/game/States/EspionageView.java#handleAction(ActionEvent)", "- tuomount/Open-Realms-of-Stars/src/main/java/org/openRealmOfStars/game/States/OptionsView.java#handleAction(ActionEvent)", "- tuomount/Open-Realms-of-Stars/src/main/java/org/openRealmOfStars/game/States/FleetView.java#handleAction(ActionEvent)", "- tuomount/Open-Realms-of-Stars/src/main/java/org/openRealmOfStars/game/States/StarMapView.java#handleActions(ActionEvent)"], "method_containing_misuse": "actionPerformedStarMap(ActionEvent)", "misuse_detection_confidence": "1.0", "startline_of_misuse": "1761"}