{"file_dir_containing_misuse": "Suryakant-Bharti/Important-Java-Concepts/DS-Algo/sorting/code5_heap_sort.java", "misuse_file_name": "code5_heap_sort.java", "file_dirs_containing_proper_use": ["- Suryakant-Bharti/Important-Java-Concepts/Java-OOPS/basic_programs/code21_Matrix_transpose.java#main(String)", "- Suryakant-Bharti/Important-Java-Concepts/Java-OOPS/basic_programs/code10_Sorting_bubble_sort.java#main(String[])", "- Suryakant-Bharti/Important-Java-Concepts/Java-OOPS/basic_programs/code19_Matrix_additon.java#main(String)", "- Suryakant-Bharti/Important-Java-Concepts/DS-Algo/sorting/code5_heap_sort.java#printArray(int)", "- Suryakant-Bharti/Important-Java-Concepts/DS-Algo/graph_classic_algos/code6_all_pairs_shortest_path_floydWarshall.java#printSolution(int)"], "method_containing_misuse": "sort(int)", "misuse_detection_confidence": "1.0", "startline_of_misuse": "13"}