{"file_dir_containing_misuse": "ePADD/epadd/src/java/edu/stanford/muse/index/NER.java", "misuse_file_name": "NER.java", "file_dirs_containing_proper_use": ["- ePADD/epadd/src/java/edu/stanford/muse/wpmine/WikiTitleIndexer.java#extractAllSingleWordTypes()", "- ePADD/epadd/src/java/edu/stanford/muse/ie/FASTIndexer.java#index(String, String)", "- ePADD/epadd/src/java/edu/stanford/muse/wpmine/WPMine.java#readTypes()", "- ePADD/epadd/src/java/edu/stanford/muse/wpmine/WPGenTypes.java#main(String[])", "- ePADD/epadd/src/java/edu/stanford/muse/index/openNLPNER.java#readLocationsFreebase()"], "method_containing_misuse": "readLocationsWG()", "misuse_detection_confidence": "1.0", "startline_of_misuse": "100"}