{"file_dir_containing_misuse": "jenkinsci/amazon-ecs-plugin/src/main/java/com/cloudbees/jenkins/plugins/amazonecs/ECSComputer.java", "misuse_file_name": "ECSComputer.java", "file_dirs_containing_proper_use": ["- jenkinsci/amazon-ecs-plugin/src/main/java/com/cloudbees/jenkins/plugins/amazonecs/ECSLauncher.java#getTaskDefinition(String, ECSTaskTemplate, ECSCloud, ECSService)", "- jenkinsci/amazon-ecs-plugin/src/main/java/com/cloudbees/jenkins/plugins/amazonecs/ECSSlave.java#_terminate(TaskListener)", "- jenkinsci/amazon-ecs-plugin/src/main/java/com/cloudbees/jenkins/plugins/amazonecs/ECSComputer.java#taskAccepted(Executor, Task)", "- jenkinsci/amazon-ecs-plugin/src/main/java/com/cloudbees/jenkins/plugins/amazonecs/ECSService.java#getAmazonECSClient()", "- jenkinsci/amazon-ecs-plugin/src/main/java/com/cloudbees/jenkins/plugins/amazonecs/ECSCloud.java#provision(Label, int)"], "method_containing_misuse": "taskCompleted(Executor, Task, long)", "misuse_detection_confidence": "1.0", "startline_of_misuse": "60"}