{"file_dir_containing_misuse": "uwegeercken/jare/src/main/java/com/datamelt/rules/implementation/CheckDistanceIsGreaterOrEqual.java", "misuse_file_name": "CheckDistanceIsGreaterOrEqual.java", "file_dirs_containing_proper_use": ["- uwegeercken/jare/src/main/java/com/datamelt/rules/implementation/CheckDistanceIsSmaller.java#evaluate(String, String, int)", "- uwegeercken/jare/src/main/java/com/datamelt/rules/implementation/CheckDistanceIsGreaterOrEqual.java#evaluate(String, String, int)", "- uwegeercken/jare/src/main/java/com/datamelt/rules/implementation/CheckDistanceIsSmallerOrEqual.java#evaluate(String, String, int)", "- uwegeercken/jare/src/main/java/com/datamelt/rules/implementation/CheckDistanceIsEqual.java#evaluate(String, String, int)", "- uwegeercken/jare/src/main/java/com/datamelt/rules/implementation/CheckDistanceIsGreater.java#evaluate(String, String, int)"], "method_containing_misuse": "evaluate(String, String, int)", "misuse_detection_confidence": "1.0", "startline_of_misuse": "42"}