{"file_dir_containing_misuse": "twosigma/beakerx/kernel/base/src/main/java/com/twosigma/beakerx/widget/Output.java", "misuse_file_name": "Output.java", "file_dirs_containing_proper_use": ["- twosigma/beakerx/kernel/groovy/src/test/java/com/twosigma/beakerx/groovy/TestGroovyEvaluator.java#getKernelParameters()", "- twosigma/beakerx/kernel/scala/src/main/java/com/twosigma/beakerx/scala/kernel/Scala.java#getKernelParameters()", "- twosigma/beakerx/kernel/scala/src/test/java/com/twosigma/beakerx/scala/TestScalaEvaluator.java#getKernelParameters()", "- twosigma/beakerx/kernel/kotlin/src/test/java/com/twosigma/beakerx/kotlin/kernel/KotlinAutotranslationTest.java#getEvaluatorParameters()", "- twosigma/beakerx/kernel/java/src/main/java/com/twosigma/beakerx/javash/kernel/Java.java#getKernelParameters()"], "method_containing_misuse": "content(HashMap)", "misuse_detection_confidence": "1.0", "startline_of_misuse": "79"}