{"file_dir_containing_misuse": "mukatee/osmo/osmotester/test/osmo/tester/unittests/generation/VariableTests.java", "misuse_file_name": "VariableTests.java", "file_dirs_containing_proper_use": ["- mukatee/osmo/osmotester/src/osmo/tester/scenario/Scenario.java#createEndCondition(EndCondition)", "- mukatee/osmo/osmotester/test/osmo/common/UtilTests.java#createInt()", "- mukatee/osmo/osmotester/src/osmo/tester/optimizer/reducer/debug/invariants/StepCounts.java#process(List)", "- mukatee/osmo/osmotester/src/osmo/tester/reporting/coverage/CoverageMetric.java#countRequirements()", "- mukatee/osmo/osmotester/src/osmo/tester/model/data/ValueSet.java#balanced()"], "method_containing_misuse": "assertModel2Values(TestCase, String, String, String)", "misuse_detection_confidence": "1.0", "startline_of_misuse": "73"}