{"file_dir_containing_misuse": "fossasia/open-event-droidgen/android/app/src/main/java/org/fossasia/openevent/core/auth/ChangePasswordActivityViewModel.java", "misuse_file_name": "ChangePasswordActivityViewModel.java", "file_dirs_containing_proper_use": ["- fossasia/open-event-droidgen/android/app/src/main/java/org/fossasia/openevent/core/main/MainActivity.java#storeFeedDetails()", "- fossasia/open-event-droidgen/android/app/src/main/java/org/fossasia/openevent/core/discount/DiscountFragmentViewModel.java#downloadDiscountCodes()", "- fossasia/open-event-droidgen/android/app/src/main/java/org/fossasia/openevent/core/auth/SignUpActivityViewModel.java#loginUserAfterSignUp(String, String)", "- fossasia/open-event-droidgen/android/app/src/main/java/org/fossasia/openevent/core/feedback/FeedbackFragmentViewModel.java#postFeedback(float, String)", "- fossasia/open-event-droidgen/android/app/src/main/java/org/fossasia/openevent/core/auth/LoginActivityViewModel.java#loginUser(String, String)"], "method_containing_misuse": "changePassword(String)", "misuse_detection_confidence": "1.0", "startline_of_misuse": "78"}