{"file_dir_containing_misuse": "iyzico/iyzipay-java/src/main/java/com/iyzipay/request/UpdateSubMerchantRequest.java", "misuse_file_name": "UpdateSubMerchantRequest.java", "file_dirs_containing_proper_use": ["- iyzico/iyzipay-java/src/main/java/com/iyzipay/request/CreatePeccoPaymentRequest.java#toString()", "- iyzico/iyzipay-java/src/main/java/com/iyzipay/request/RetrieveBinNumberRequest.java#toString()", "- iyzico/iyzipay-java/src/main/java/com/iyzipay/request/RetrieveApmRequest.java#toString()", "- iyzico/iyzipay-java/src/main/java/com/iyzipay/request/CreateApprovalRequest.java#toString()", "- iyzico/iyzipay-java/src/main/java/com/iyzipay/request/RetrieveCheckoutFormRequest.java#toString()"], "method_containing_misuse": "toString()", "misuse_detection_confidence": "1.0", "startline_of_misuse": "137"}