{"file_dir_containing_misuse": "liflab/beepbeep-3-palettes/Concurrency/src/ca/uqac/lif/cep/concurrency/ParallelWindow.java", "misuse_file_name": "ParallelWindow.java", "file_dirs_containing_proper_use": ["- liflab/beepbeep-3-palettes/Provenance/src/ca/uqac/lif/cep/provenance/IndexEventTracker.java#getImpactTree(int, int, int)", "- liflab/beepbeep-3-palettes/Graphviz/src/ca/uqac/lif/cep/graphviz/Graph.java#getEdge(String, String)", "- liflab/beepbeep-3-palettes/Ltl/src/ca/uqac/lif/cep/ltl/NewForAll.java#collectValues(List)", "- liflab/beepbeep-3-palettes/Http/src/ca/uqac/lif/cep/http/HttpDownstreamGateway.java#process(HttpExchange)", "- liflab/beepbeep-3-palettes/Tuples/src/ca/uqac/lif/cep/tuples/TransposePair.java#getValue(Tuple)"], "method_containing_misuse": "duplicate(boolean)", "misuse_detection_confidence": "1.0", "startline_of_misuse": "102"}