{"file_dir_containing_misuse": "Tencent/MSEC/elasticsearch/es_console/src/main/java/beans/service/DeleteAlarm.java", "misuse_file_name": "DeleteAlarm.java", "file_dirs_containing_proper_use": ["- Tencent/MSEC/monitor/standalone_console/monitor_console/src/beans/service/DeleteAlarmSetting.java#exec(Alarm)", "- Tencent/MSEC/monitor/standalone_console/monitor_console/src/beans/service/AddAlarmSetting.java#exec(Alarm)", "- Tencent/MSEC/msec_console/src/beans/service/AddAlarmSetting.java#exec(Alarm)", "- Tencent/MSEC/msec_console/src/beans/service/QueryAlarmList.java#exec(Alarm)", "- Tencent/MSEC/monitor/standalone_console/monitor_console/src/beans/service/DeleteAlarm.java#exec(Alarm)"], "method_containing_misuse": "exec(Alarm)", "misuse_detection_confidence": "1.0", "startline_of_misuse": "154"}