{"file_dir_containing_misuse": "restx/restx/restx-factory/src/main/java/restx/factory/Factory.java", "misuse_file_name": "Factory.java", "file_dirs_containing_proper_use": ["- restx/restx/restx-factory/src/main/java/restx/factory/StdWarehouse.java#StdWarehouse(ImmutableList)", "- restx/restx/restx-factory/src/main/java/restx/factory/ParamDef.java#toString()", "- restx/restx/restx-core/src/main/java/restx/AbstractRequest.java#toString()", "- restx/restx/restx-factory/src/main/java/restx/factory/Factory.java#doFindOne()", "- restx/restx/restx-specs-tests/src/main/java/restx/tests/HttpTestClient.java#http(String, String)"], "method_containing_misuse": "dump()", "misuse_detection_confidence": "1.0", "startline_of_misuse": "883"}