{"file_dir_containing_misuse": "oltpbenchmark/oltpbench/src/com/oltpbenchmark/DistributionStatistics.java", "misuse_file_name": "DistributionStatistics.java", "file_dirs_containing_proper_use": ["- oltpbenchmark/oltpbench/src/com/oltpbenchmark/benchmarks/hyadapt/procedures/ReadRecord7.java#run(Connection, int, Map)", "- oltpbenchmark/oltpbench/src/com/oltpbenchmark/benchmarks/hyadapt/procedures/ReadRecord9.java#run(Connection, int, Map)", "- oltpbenchmark/oltpbench/src/com/oltpbenchmark/benchmarks/hyadapt/procedures/ReadRecord6.java#run(Connection, int, Map)", "- oltpbenchmark/oltpbench/src/com/oltpbenchmark/benchmarks/hyadapt/procedures/ReadRecord2.java#run(Connection, int, Map)", "- oltpbenchmark/oltpbench/src/com/oltpbenchmark/benchmarks/hyadapt/procedures/ReadRecord1.java#run(Connection, int, Map)"], "method_containing_misuse": "toMap()", "misuse_detection_confidence": "1.0", "startline_of_misuse": "174"}