{"file_dir_containing_misuse": "burtcorp/jmespath-java/jmespath-core/src/main/java/io/burt/jmespath/function/CompareFunction.java", "misuse_file_name": "CompareFunction.java", "file_dirs_containing_proper_use": ["- burtcorp/jmespath-java/jmespath-core/src/main/java/io/burt/jmespath/node/CreateObjectNode.java#internalToString()", "- burtcorp/jmespath-java/jmespath-core/src/main/java/io/burt/jmespath/node/CreateArrayNode.java#internalHashCode()", "- burtcorp/jmespath-java/jmespath-core/src/main/java/io/burt/jmespath/function/JoinFunction.java#callFunction(Adapter, List)", "- burtcorp/jmespath-java/jmespath-core/src/main/java/io/burt/jmespath/node/FunctionCallNode.java#internalToString()", "- burtcorp/jmespath-java/jmespath-jackson/src/main/java/io/burt/jmespath/jackson/JacksonRuntime.java#getPropertyNames(JsonNode)"], "method_containing_misuse": "performMathOperation(Adapter, List)", "misuse_detection_confidence": "1.0", "startline_of_misuse": "29"}