{"file_dir_containing_misuse": "ePADD/epadd/src/java/edu/stanford/muse/util/EmailUtils.java", "misuse_file_name": "EmailUtils.java", "file_dirs_containing_proper_use": ["- ePADD/epadd/src/java/edu/stanford/muse/email/EmailFetcherThread.java#processMessagePart(EmailDocument, int, Message, Part, List)", "- ePADD/epadd/src/java/edu/stanford/muse/util/EmailUtils.java#removeDupsAndSort(List)", "- ePADD/epadd/src/java/edu/stanford/muse/index/IndexUtils.java#getDocNumbers(List, String)", "- ePADD/epadd/src/java/edu/stanford/muse/AddressBookManager/AddressBook.java#allContacts()", "- ePADD/epadd/src/java/edu/stanford/muse/util/JSONUtils.java#convertToTuples(String, Object)"], "method_containing_misuse": "threadEmails(Collection)", "misuse_detection_confidence": "1.0", "startline_of_misuse": "1011"}