{"file_dir_containing_misuse": "tuomount/Open-Realms-of-Stars/src/main/java/org/openRealmOfStars/game/States/GalaxyCreationView.java", "misuse_file_name": "GalaxyCreationView.java", "file_dirs_containing_proper_use": ["- tuomount/Open-Realms-of-Stars/src/main/java/org/openRealmOfStars/game/States/EspionageView.java#EspionageView(PlayerList, PlayerInfo, GalaxyStat, ActionListener)", "- tuomount/Open-Realms-of-Stars/src/main/java/org/openRealmOfStars/game/States/ShipDesignView.java#ShipDesignView(PlayerInfo, ShipDesign, ActionListener)", "- tuomount/Open-Realms-of-Stars/src/main/java/org/openRealmOfStars/game/States/OptionsView.java#OptionsView(ConfigFile, Game, ActionListener)", "- tuomount/Open-Realms-of-Stars/src/main/java/org/openRealmOfStars/game/States/PlayerSetupView.java#createPlayerRaceSelection(InvisiblePanel, int, ActionListener)", "- tuomount/Open-Realms-of-Stars/src/main/java/org/openRealmOfStars/game/States/BattleView.java#initBattleView(ActionListener)"], "method_containing_misuse": "GalaxyCreationView(GalaxyConfig, ActionListener)", "misuse_detection_confidence": "1.0", "startline_of_misuse": "144"}