{"file_dir_containing_misuse": "billchen198318/qifu2/core-web/src/org/qifu/controller/RoleAction.java", "misuse_file_name": "RoleAction.java", "file_dirs_containing_proper_use": ["- billchen198318/qifu2/core-web/src/org/qifu/controller/SystemWebServiceAction.java#doStopOrReload(HttpServletRequest, String)", "- billchen198318/qifu2/core-web/src/org/qifu/controller/CommonAction.java#doQueryProgramFolder(HttpServletRequest, String)", "- billchen198318/qifu2/core-web/src/org/qifu/controller/UserRoleAction.java#queryRoleListByAccountOid(HttpServletRequest, String)", "- billchen198318/qifu2/core-web/src/org/qifu/controller/MenuSettingsAction.java#updateMenu(HttpServletRequest, String, String)", "- billchen198318/qifu2/core-web/src/org/qifu/controller/SystemReportAction.java#doDownloadContent(SysJreportVO)"], "method_containing_misuse": "doSaveCopyAsNew(String, RoleVO)", "misuse_detection_confidence": "1.0", "startline_of_misuse": "306"}