{"file_dir_containing_misuse": "pumadong/cl-roadshow/roadshow-app/src/main/java/com/cl/roadshow/java/jtp/fulltimeout/FullWaitMain.java", "misuse_file_name": "FullWaitMain.java", "file_dirs_containing_proper_use": ["- pumadong/cl-roadshow/roadshow-app/src/main/java/com/cl/roadshow/designpattern/other/ProducerComsumerWithWaitDemo.java#main(String[])", "- pumadong/cl-roadshow/roadshow-app/src/main/java/com/cl/roadshow/java/lang/thread/WaitingDemo.java#run()", "- pumadong/cl-roadshow/roadshow-app/src/main/java/com/cl/roadshow/java/lang/thread/PoolingHttpClientConnectionManagerDemo.java#run()", "- pumadong/cl-roadshow/roadshow-app/src/main/java/com/cl/roadshow/java/lang/thread/DeadLockMutexDemo.java#run()", "- pumadong/cl-roadshow/roadshow-sonar/src/main/java/com/cl/sonar/InterruptedException.java#main(String[])"], "method_containing_misuse": "runWork()", "misuse_detection_confidence": "1.0", "startline_of_misuse": "38"}