{"file_dir_containing_misuse": "FroMage/redpipe/redpipe-engine/src/main/java/net/redpipe/engine/core/Server.java", "misuse_file_name": "Server.java", "file_dirs_containing_proper_use": ["- FroMage/redpipe/redpipe-example-wiki-keycloak-jooq/src/main/java/net/redpipe/example/wiki/keycloakJooq/ApiValidationExceptionMapper.java#toResponse(ConstraintViolationException)", "- FroMage/redpipe/redpipe-example-wiki-shiro-jdbc/src/test/java/net/redpipe/example/wiki/shiroJdbc/ApiTest.java#prepare(TestContext)", "- FroMage/redpipe/redpipe-example-wiki-shiro-jdbc/src/main/java/net/redpipe/example/wiki/shiroJdbc/ApiExceptionMapper.java#toResponse(ApiException)", "- FroMage/redpipe/redpipe-example-wiki-keycloak-jooq/src/test/java/net/redpipe/example/wiki/keycloakJooq/ApiTest.java#playWithApi(TestContext)", "- FroMage/redpipe/redpipe-engine/src/main/java/net/redpipe/engine/core/Server.java#createDbClient(JsonObject)"], "method_containing_misuse": "createDbClient(JsonObject)", "misuse_detection_confidence": "1.0", "startline_of_misuse": "193"}