{"file_dir_containing_misuse": "blockchain-certificates/wallet-android/LearningMachine/app/src/main/java/com/learningmachine/android/app/ui/issuer/IssuerInfoActivity.java", "misuse_file_name": "IssuerInfoActivity.java", "file_dirs_containing_proper_use": ["- blockchain-certificates/wallet-android/LearningMachine/app/src/main/java/com/learningmachine/android/app/ui/LMIssuerBaseFragment.java#onCreate(Bundle)", "- blockchain-certificates/wallet-android/LearningMachine/app/src/main/java/com/learningmachine/android/app/ui/cert/VerifyCertificateFragment.java#onCreate(Bundle)", "- blockchain-certificates/wallet-android/LearningMachine/app/src/main/java/com/learningmachine/android/app/ui/onboarding/OnboardingFragment.java#onCreate(Bundle)", "- blockchain-certificates/wallet-android/LearningMachine/app/src/main/java/com/learningmachine/android/app/ui/issuer/IssuerFragment.java#onCreate(Bundle)", "- blockchain-certificates/wallet-android/LearningMachine/app/src/main/java/com/learningmachine/android/app/ui/issuer/IssuerInfoFragment.java#onCreate(Bundle)"], "method_containing_misuse": "onCreate(Bundle)", "misuse_detection_confidence": "1.0", "startline_of_misuse": "39"}