{"file_dir_containing_misuse": "Tencent/MSEC/redis/redis_console/src/beans/service/AddSecondLevelServiceIPInfo.java", "misuse_file_name": "AddSecondLevelServiceIPInfo.java", "file_dirs_containing_proper_use": ["- Tencent/MSEC/msec_console/src/beans/service/DelLibraryFile.java#exec(LibraryFile)", "- Tencent/MSEC/redis/redis_console/src/beans/service/AddNewStaff.java#exec(AddNewStaffRequest)", "- Tencent/MSEC/msec_console/src/beans/service/AddOddSecondLevelServiceIPInfo.java#exec(OddSecondLevelServiceIPInfo)", "- Tencent/MSEC/msec_console/src/beans/service/DelReleasePlan.java#exec(ReleasePlan)", "- Tencent/MSEC/msec_console/src/beans/service/AddOddService.java#exec(AddServiceRequest)"], "method_containing_misuse": "exec(AddSecondLevelServiceIPInfoRequest)", "misuse_detection_confidence": "1.0", "startline_of_misuse": "143"}