{"file_dir_containing_misuse": "twosigma/beakerx/kernel/base/src/main/java/com/twosigma/beakerx/chart/serializer/CategoryGraphicsSerializer.java", "misuse_file_name": "CategoryGraphicsSerializer.java", "file_dirs_containing_proper_use": ["- twosigma/beakerx/kernel/base/src/main/java/com/twosigma/beakerx/chart/serializer/LineSerializer.java#serialize(Line, JsonGenerator, SerializerProvider)", "- twosigma/beakerx/kernel/base/src/main/java/com/twosigma/beakerx/chart/serializer/TextSerializer.java#serialize(Text, JsonGenerator, SerializerProvider)", "- twosigma/beakerx/kernel/base/src/main/java/com/twosigma/beakerx/chart/serializer/BarsSerializer.java#serialize(Bars, JsonGenerator, SerializerProvider)", "- twosigma/beakerx/kernel/base/src/main/java/com/twosigma/beakerx/chart/serializer/CrosshairSerializer.java#serialize(Crosshair, JsonGenerator, SerializerProvider)", "- twosigma/beakerx/kernel/base/src/main/java/com/twosigma/beakerx/chart/serializer/TreeMapNodeSerializer.java#serialize(TreeMapNode, JsonGenerator, SerializerProvider)"], "method_containing_misuse": "serialize(T, JsonGenerator, SerializerProvider)", "misuse_detection_confidence": "1.0", "startline_of_misuse": "51"}