{"file_dir_containing_misuse": "twosigma/beakerx/kernel/base/src/test/java/com/twosigma/MessageAssertions.java", "misuse_file_name": "MessageAssertions.java", "file_dirs_containing_proper_use": ["- twosigma/beakerx/kernel/base/src/main/java/com/twosigma/beakerx/jvm/serialization/CyclingOutputContainerLayoutManagerDeserializer.java#canBeUsed(JsonNode)", "- twosigma/beakerx/kernel/clojure/src/main/java/com/twosigma/beakerx/clojure/serializers/ClojureTableDeserializer.java#canBeUsed(JsonNode)", "- twosigma/beakerx/kernel/base/src/main/java/com/twosigma/beakerx/jvm/serialization/ResultsDeserializer.java#canBeUsed(JsonNode)", "- twosigma/beakerx/kernel/base/src/main/java/com/twosigma/beakerx/jvm/serialization/OutputContainerCellDeserializer.java#canBeUsed(JsonNode)", "- twosigma/beakerx/kernel/base/src/main/java/com/twosigma/beakerx/jvm/serialization/OutputContainerDeserializer.java#canBeUsed(JsonNode)"], "method_containing_misuse": "isBusyMessage(Message)", "misuse_detection_confidence": "1.0", "startline_of_misuse": "38"}