{"file_dir_containing_misuse": "ePADD/epadd/src/java/edu/stanford/muse/index/FriendsLocation.java", "misuse_file_name": "FriendsLocation.java", "file_dirs_containing_proper_use": ["- ePADD/epadd/src/java/edu/stanford/muse/util/Util.java#removeStrings(List, Set)", "- ePADD/epadd/src/java/edu/stanford/muse/index/LinkInfo.java#linksToJson(List)", "- ePADD/epadd/src/java/edu/stanford/muse/LabelManager/LabelManager.java#writeObjectToStream(String, Map)", "- ePADD/epadd/src/java/edu/stanford/muse/index/Archive.java#getDocsForExport(Export_Mode)", "- ePADD/epadd/src/java/edu/stanford/muse/index/IndexUtils.java#selectDocsByDateRange(Collection, int, int, int)"], "method_containing_misuse": "findBestLocation(List)", "misuse_detection_confidence": "1.0", "startline_of_misuse": "21"}