{"file_dir_containing_misuse": "mukatee/osmo/osmotester/test/osmo/tester/unittests/generation/RequirementPrintTests.java", "misuse_file_name": "RequirementPrintTests.java", "file_dirs_containing_proper_use": ["- mukatee/osmo/examples/src/osmo/tester/examples/tutorial/online/Main1.java#main(String[])", "- mukatee/osmo/examples/src/osmo/visualizer/examples/SequenceVisualizerExample.java#main(String[])", "- mukatee/osmo/examples/src/osmo/tester/examples/tutorial/basic/Main6.java#main(String[])", "- mukatee/osmo/examples/src/osmo/tester/examples/tutorial/modularization/Main2.java#main(String[])", "- mukatee/osmo/examples/src/osmo/tester/examples/tutorial/basic/Main5.java#main(String[])"], "method_containing_misuse": "nothingCoverage()", "misuse_detection_confidence": "1.0", "startline_of_misuse": "136"}