{"file_dir_containing_misuse": "ManyDesigns/Portofino/elements/src/main/java/com/manydesigns/elements/util/ElementsFileUtils.java", "misuse_file_name": "ElementsFileUtils.java", "file_dirs_containing_proper_use": ["- ManyDesigns/Portofino/portofino-core/src/main/java/com/manydesigns/portofino/servlets/ServerInfo.java#ServerInfo(ServletContext)", "- ManyDesigns/Portofino/portofino-core/src/main/java/com/manydesigns/portofino/servlets/CorsServletContainerInitializer.java#onStartup(Set, ServletContext)", "- ManyDesigns/Portofino/portofino-database/src/main/java/com/manydesigns/portofino/persistence/Persistence.java#loadXmlModel()", "- ManyDesigns/Portofino/portofino-core/src/main/java/com/manydesigns/mail/sender/MailSenderRunnable.java#mainLoop()", "- ManyDesigns/Portofino/elements/src/main/java/com/manydesigns/elements/crypto/KeyManager.java#getInputPassphrase()"], "method_containing_misuse": "ensureDirectoryExists(File)", "misuse_detection_confidence": "1.0", "startline_of_misuse": "79"}