{"file_dir_containing_misuse": "NullpoMino-X/NullpoMino/nullpomino-core/src/main/java/mu/nu/nullpo/gui/net/NetLobbyFrame.java", "misuse_file_name": "NetLobbyFrame.java", "file_dirs_containing_proper_use": ["- NullpoMino-X/NullpoMino/nullpomino-core/src/main/java/mu/nu/nullpo/tool/musiclisteditor/MusicListEditor.java#initUI()", "- NullpoMino-X/NullpoMino/nullpomino-core/src/main/java/mu/nu/nullpo/gui/net/NetLobbyFrame.java#initServerAddUI()", "- NullpoMino-X/NullpoMino/nullpomino-core/src/main/java/mu/nu/nullpo/gui/swing/AISelectFrame.java#initUI()", "- NullpoMino-X/NullpoMino/nullpomino-core/src/main/java/mu/nu/nullpo/tool/netadmin/NetAdmin.java#initLoginUI()", "- NullpoMino-X/NullpoMino/nullpomino-core/src/main/java/mu/nu/nullpo/gui/swing/UpdateCheckFrame.java#initUI()"], "method_containing_misuse": "initCreateRatedUI()", "misuse_detection_confidence": "1.0", "startline_of_misuse": "1724"}