{"file_dir_containing_misuse": "conekta/conekta-java/src/io/conekta/ConektaObject.java", "misuse_file_name": "ConektaObject.java", "file_dirs_containing_proper_use": ["- conekta/conekta-java/src/io/conekta/Card.java#instanceUrl()", "- conekta/conekta-java/src/io/conekta/ShippingContact.java#instanceUrl()", "- conekta/conekta-java/src/io/conekta/DiscountLine.java#instanceUrl()", "- conekta/conekta-java/src/io/conekta/ShippingLine.java#instanceUrl()", "- conekta/conekta-java/src/io/conekta/Resource.java#instanceUrl()"], "method_containing_misuse": "loadFromObject(JSONObject)", "misuse_detection_confidence": "1.0", "startline_of_misuse": "129"}