{"file_dir_containing_misuse": "oltpbenchmark/oltpbench/src/com/oltpbenchmark/benchmarks/tpcc/procedures/Delivery.java", "misuse_file_name": "Delivery.java", "file_dirs_containing_proper_use": ["- oltpbenchmark/oltpbench/src/com/oltpbenchmark/benchmarks/auctionmark/AuctionMarkProfile.java#getRandomItem(LinkedList, boolean, boolean)", "- oltpbenchmark/oltpbench/src/com/oltpbenchmark/benchmarks/seats/SEATSWorker.java#executeFindOpenSeats(FindOpenSeats)", "- oltpbenchmark/oltpbench/src/com/oltpbenchmark/benchmarks/wikipedia/WikipediaLoader.java#loadWatchlist(Connection)", "- oltpbenchmark/oltpbench/src/com/oltpbenchmark/benchmarks/auctionmark/AuctionMarkWorker.java#executeWork(TransactionType)", "- oltpbenchmark/oltpbench/src/com/oltpbenchmark/benchmarks/auctionmark/AuctionMarkLoader.java#generateBatch()"], "method_containing_misuse": "run(Connection, Random, int, int, int, int, TPCCWorker)", "misuse_detection_confidence": "1.0", "startline_of_misuse": "102"}