{"file_dir_containing_misuse": "wenhao/jpa-spec/src/test/java/com/github/wenhao/jpa/integration/OrTest.java", "misuse_file_name": "OrTest.java", "file_dirs_containing_proper_use": ["- wenhao/jpa-spec/src/test/java/com/github/wenhao/jpa/integration/LessEqualTest.java#should_be_able_to_find_by_using_less_equal()", "- wenhao/jpa-spec/src/test/java/com/github/wenhao/jpa/integration/LessThanTest.java#should_be_able_to_find_by_using_less_than()", "- wenhao/jpa-spec/src/test/java/com/github/wenhao/jpa/integration/OrTest.java#should_be_able_to_find_all_if_all_predicate_are_null()", "- wenhao/jpa-spec/src/test/java/com/github/wenhao/jpa/integration/SortsTest.java#should_be_able_to_sort_by_asc()", "- wenhao/jpa-spec/src/test/java/com/github/wenhao/jpa/integration/EqualTest.java#should_be_able_to_find_all_if_all_predicate_are_null()"], "method_containing_misuse": "should_be_able_to_find_by_using_or_with_multiple_values()", "misuse_detection_confidence": "1.0", "startline_of_misuse": "57"}