{"file_dir_containing_misuse": "feuyeux/jax-rs2-guide-II/7.3.1.boot.zookeeper/src/main/java/com/example/MyResource.java", "misuse_file_name": "MyResource.java", "file_dirs_containing_proper_use": ["- feuyeux/jax-rs2-guide-II/7.3.2.boot.consul/src/main/java/com/example/MyResource.java#hi2()", "- feuyeux/jax-rs2-guide-II/2.simple-service-3/src/main/java/com/example/response/InResource.java#postChars(Reader)", "- feuyeux/jax-rs2-guide-II/2.simple-service-3/src/main/java/com/example/annotation/param/PathResource.java#getByAddress(List, String)", "- feuyeux/jax-rs2-guide-II/8.3.boot.zk.kaka/src/main/java/com/example/MyResource.java#hi2()", "- feuyeux/jax-rs2-guide-II/7.3.3.boot.etcd/src/main/java/com/example/MyResource.java#hi2()"], "method_containing_misuse": "hi2()", "misuse_detection_confidence": "1.0", "startline_of_misuse": "37"}