{"file_dir_containing_misuse": "vakinge/jeesuite-libs/jeesuite-common2/src/main/java/com/jeesuite/common2/lock/redis/RedisLockCoordinator.java", "misuse_file_name": "RedisLockCoordinator.java", "file_dirs_containing_proper_use": ["- vakinge/jeesuite-libs/jeesuite-mybatis/src/main/java/com/jeesuite/mybatis/plugin/pagination/PaginationHandler.java#getCountMappedStatement(MappedStatement)", "- vakinge/jeesuite-libs/jeesuite-mybatis/src/main/java/com/jeesuite/mybatis/parser/MybatisMapperParser.java#parseSql(String, XNode, Map)", "- vakinge/jeesuite-libs/jeesuite-mybatis/src/main/java/com/jeesuite/mybatis/crud/builder/InsertBuilder.java#buildInsertSql(EntityMapper, boolean)", "- vakinge/jeesuite-libs/jeesuite-common/src/main/java/com/jeesuite/common/util/ReflectUtils.java#getName(Method)", "- vakinge/jeesuite-libs/jeesuite-rest/src/main/java/com/jeesuite/rest/filter/handler/ReqResLogHandler.java#buildRequestLog(ContainerRequestContext, HttpServletRequest)"], "method_containing_misuse": "buildEvenId()", "misuse_detection_confidence": "1.0", "startline_of_misuse": "151"}