{"file_dir_containing_misuse": "impinj/itemsense-java/src/main/java/com/impinj/itemsense/client/coordinator/readerdefinition/ReaderDefinitionController.java", "misuse_file_name": "ReaderDefinitionController.java", "file_dirs_containing_proper_use": ["- impinj/itemsense-java/src/test/java/com/impinj/itemsense/client/coordinator/AuthenticationControllerTest.java#listTokensTest()", "- impinj/itemsense-java/src/test/java/com/impinj/itemsense/client/coordinator/JobControllerTest.java#testStartJob()", "- impinj/itemsense-java/src/test/java/com/impinj/itemsense/client/data/ItemControllerTest.java#testGetItemsWithPageMarker()", "- impinj/itemsense-java/src/test/java/com/impinj/itemsense/client/coordinator/SnmpControllerTest.java#testUpdateSnmpConfiguration()", "- impinj/itemsense-java/src/test/java/com/impinj/itemsense/client/coordinator/RecipeControllerTest.java#updateRecipeTest()"], "method_containing_misuse": "configureFeature(String, FeatureRequest)", "misuse_detection_confidence": "1.0", "startline_of_misuse": "78"}