{"file_dir_containing_misuse": "opendatakit/collect/collect_app/src/main/java/org/odk/collect/android/activities/GeoPolyActivity.java", "misuse_file_name": "GeoPolyActivity.java", "file_dirs_containing_proper_use": ["- opendatakit/collect/collect_app/src/main/java/org/odk/collect/android/utilities/FormDownloader.java#downloadManifestAndMediaFiles(String, String, FormDetails, int, int)", "- opendatakit/collect/collect_app/src/main/java/org/odk/collect/android/utilities/gdrive/DriveHelper.java#generateSearchQuery(String, String, String)", "- opendatakit/collect/collect_app/src/main/java/org/odk/collect/android/map/MapboxMapFragment.java#updateLine()", "- opendatakit/collect/collect_app/src/main/java/org/odk/collect/android/widgets/SpinnerMultiWidget.java#getAnswer()", "- opendatakit/collect/collect_app/src/main/java/org/odk/collect/android/tasks/DiskSyncTask.java#doInBackground(Void)"], "method_containing_misuse": "initMap(MapFragment)", "misuse_detection_confidence": "1.0", "startline_of_misuse": "302"}