{"file_dir_containing_misuse": "opendatakit/collect/collect_app/src/main/java/org/odk/collect/android/utilities/InstanceUploaderUtils.java", "misuse_file_name": "InstanceUploaderUtils.java", "file_dirs_containing_proper_use": ["- opendatakit/collect/collect_app/src/androidTest/java/org/odk/collect/android/test/MockedServerTest.java#join(String)", "- opendatakit/collect/collect_app/src/main/java/org/odk/collect/android/database/ItemsetDbAdapter.java#createTable(String, String, String[], String)", "- opendatakit/collect/collect_app/src/main/java/org/odk/collect/android/utilities/gdrive/DriveHelper.java#generateSearchQuery(String, String, String)", "- opendatakit/collect/collect_app/src/main/java/org/odk/collect/android/activities/GoogleDriveActivity.java#formDownloadComplete(HashMap)", "- opendatakit/collect/collect_app/src/main/java/org/odk/collect/android/tasks/DiskSyncTask.java#doInBackground(Void)"], "method_containing_misuse": "getUploadResultMessage(Cursor, Map)", "misuse_detection_confidence": "1.0", "startline_of_misuse": "55"}