{"file_dir_containing_misuse": "rhwayfun/spring-boot-learning-examples/source/src/test/java/com/rhwayfun/springboot/quickstart/mockito/spy/SpyTest.java", "misuse_file_name": "SpyTest.java", "file_dirs_containing_proper_use": ["- rhwayfun/spring-boot-learning-examples/source/src/test/java/com/rhwayfun/springboot/quickstart/mockito/stubbing/StubbingTest.java#stubTest4()", "- rhwayfun/spring-boot-learning-examples/source/src/test/java/com/rhwayfun/springboot/quickstart/mockito/MockitoMockTest.java#testOrder()", "- rhwayfun/spring-boot-learning-examples/source/src/test/java/com/rhwayfun/springboot/quickstart/mockito/MockitoTest.java#testOrder()", "- rhwayfun/spring-boot-learning-examples/source/src/test/java/com/rhwayfun/MockitoMockTest.java#testOrder()", "- rhwayfun/spring-boot-learning-examples/source/src/test/java/com/rhwayfun/MockitoTest.java#testOrder()"], "method_containing_misuse": "spyTest3()", "misuse_detection_confidence": "1.0", "startline_of_misuse": "64"}