{"file_dir_containing_misuse": "echo3/echo3/src/server-java/testapp-interactive/lib/nextapp/echo/testapp/interactive/testscreen/TableTest.java", "misuse_file_name": "TableTest.java", "file_dirs_containing_proper_use": ["- echo3/echo3/src/server-java/testapp-interactive/lib/nextapp/echo/testapp/interactive/testscreen/TextSyncTest.java#TextSyncTest()", "- echo3/echo3/src/server-java/testapp-interactive/lib/nextapp/echo/testapp/interactive/testscreen/LocalizationTest.java#LocalizationTest()", "- echo3/echo3/src/server-java/testapp-interactive/lib/nextapp/echo/testapp/interactive/testscreen/WindowTest.java#WindowTest()", "- echo3/echo3/src/server-java/testapp-interactive/lib/nextapp/echo/testapp/interactive/testscreen/RenderHideTest.java#RenderHideTest()", "- echo3/echo3/src/server-java/testapp-interactive/lib/nextapp/echo/testapp/interactive/testscreen/StyleTest.java#StyleTest()"], "method_containing_misuse": "TableTest()", "misuse_detection_confidence": "1.0", "startline_of_misuse": "358"}