{"file_dir_containing_misuse": "pkware/truth-android/truth-android-gridlayout-v7/src/main/java/com/pkware/truth/android/gridlayout/v7/widget/GridLayoutSubject.java", "misuse_file_name": "GridLayoutSubject.java", "file_dirs_containing_proper_use": ["- pkware/truth-android/truth-android/src/main/java/com/pkware/truth/android/widget/CalendarViewSubject.java#hasUnfocusedMonthDateColor(int)", "- pkware/truth-android/truth-android/src/main/java/com/pkware/truth/android/view/animation/AbstractAnimationSubject.java#hasBackgroundColor(int)", "- pkware/truth-android/truth-android/src/main/java/com/pkware/truth/android/app/AbstractActivitySubject.java#hasTitleColor(int)", "- pkware/truth-android/truth-android/src/main/java/com/pkware/truth/android/gesture/GestureOverlayViewSubject.java#hasUncertainGestureColor(int)", "- pkware/truth-android/truth-android/src/main/java/com/pkware/truth/android/widget/AbstractTextViewSubject.java#hasHighlightColor(int)"], "method_containing_misuse": "hasOrientation(int)", "misuse_detection_confidence": "1.0", "startline_of_misuse": "85"}