{"file_dir_containing_misuse": "justlive1/oxygen/oxygen-core/src/main/java/vip/justlive/oxygen/core/util/ServiceLoaderUtils.java", "misuse_file_name": "ServiceLoaderUtils.java", "file_dirs_containing_proper_use": ["- justlive1/oxygen/oxygen-web/src/main/java/vip/justlive/oxygen/web/http/MultipartStream.java#parseDisposition(byte[])", "- justlive1/oxygen/oxygen-jdbc/src/main/java/vip/justlive/oxygen/jdbc/record/Record.java#insertBatch(List)", "- justlive1/oxygen/oxygen-web/src/main/java/vip/justlive/oxygen/web/servlet/DispatcherServlet.java#invokeBefore(RoutingContext)", "- justlive1/oxygen/oxygen-web/src/main/java/vip/justlive/oxygen/web/router/StaticRouteHandler.java#findStaticResource(String)", "- justlive1/oxygen/oxygen-jdbc/src/main/java/vip/justlive/oxygen/jdbc/Jdbc.java#removeThreadLocal(Connection)"], "method_containing_misuse": "loadServices(Class, ClassLoader)", "misuse_detection_confidence": "1.0", "startline_of_misuse": "98"}