{"file_dir_containing_misuse": "open-dis/open-dis-java/src/main/java/edu/nps/moves/dis7/ResupplyReceivedPdu.java", "misuse_file_name": "ResupplyReceivedPdu.java", "file_dirs_containing_proper_use": ["- open-dis/open-dis-java/src/main/java/edu/nps/moves/dis/ActionRequestReliablePdu.java#marshal(ByteBuffer)", "- open-dis/open-dis-java/src/main/java/edu/nps/moves/dis7/RecordQueryReliablePdu.java#marshal(ByteBuffer)", "- open-dis/open-dis-java/src/main/java/edu/nps/moves/dis/ArticulationParameter.java#marshal(ByteBuffer)", "- open-dis/open-dis-java/src/main/java/edu/nps/moves/dis/StartResumeReliablePdu.java#marshal(ByteBuffer)", "- open-dis/open-dis-java/src/main/java/edu/nps/moves/dis/IntercomControlPdu.java#marshal(ByteBuffer)"], "method_containing_misuse": "marshal(ByteBuffer)", "misuse_detection_confidence": "1.0", "startline_of_misuse": "175"}