{"file_dir_containing_misuse": "EinsamHauer/disthene-reader/src/main/java/net/iponweb/disthene/reader/graphite/functions/RangeOfSeriesFunction.java", "misuse_file_name": "RangeOfSeriesFunction.java", "file_dirs_containing_proper_use": ["- EinsamHauer/disthene-reader/src/main/java/net/iponweb/disthene/reader/graphite/functions/KeepLastValueFunction.java#evaluate(TargetEvaluator)", "- EinsamHauer/disthene-reader/src/main/java/net/iponweb/disthene/reader/graphite/functions/OffsetFunction.java#evaluate(TargetEvaluator)", "- EinsamHauer/disthene-reader/src/main/java/net/iponweb/disthene/reader/graphite/functions/PowFunction.java#evaluate(TargetEvaluator)", "- EinsamHauer/disthene-reader/src/main/java/net/iponweb/disthene/reader/graphite/functions/IsNonNullFunction.java#evaluate(TargetEvaluator)", "- EinsamHauer/disthene-reader/src/main/java/net/iponweb/disthene/reader/graphite/functions/NPercentileFunction.java#evaluate(TargetEvaluator)"], "method_containing_misuse": "evaluate(TargetEvaluator)", "misuse_detection_confidence": "1.0", "startline_of_misuse": "27"}