{"file_dir_containing_misuse": "Pishka/MineDonate/forge 1.7.10/src/main/java/ru/alastar/minedonate/network/packets/AddMerchPacket.java", "misuse_file_name": "AddMerchPacket.java", "file_dirs_containing_proper_use": ["- Pishka/MineDonate/forge 1.7.10/src/main/java/ru/alastar/minedonate/network/manage/packets/RenameShopPacket.java#fromBytes(ByteBuf)", "- Pishka/MineDonate/forge 1.7.10/src/main/java/ru/alastar/minedonate/merch/info/RegionInfo.java#read(ByteBuf)", "- Pishka/MineDonate/forge 1.7.10/src/main/java/ru/alastar/minedonate/merch/info/ShopInfo.java#read(ByteBuf)", "- Pishka/MineDonate/forge 1.7.10/src/main/java/ru/alastar/minedonate/network/packets/MoneyChangedPacket.java#fromBytes(ByteBuf)", "- Pishka/MineDonate/forge 1.7.10/src/main/java/ru/alastar/minedonate/merch/info/ItemInfo.java#read(ByteBuf)"], "method_containing_misuse": "fromBytes(ByteBuf)", "misuse_detection_confidence": "1.0", "startline_of_misuse": "42"}