{"file_dir_containing_misuse": "ePADD/epadd/src/java/edu/stanford/muse/ner/model/test/SequenceModelTest.java", "misuse_file_name": "SequenceModelTest.java", "file_dirs_containing_proper_use": ["- ePADD/epadd/src/java/edu/stanford/muse/util/EmailUtils.java#sample(Map, double)", "- ePADD/epadd/src/java/edu/stanford/muse/ner/model/MU.java#add(Float, List, Map)", "- ePADD/epadd/src/java/edu/stanford/muse/ie/Entity.java#putAll(Map, Map)", "- ePADD/epadd/src/java/edu/stanford/muse/index/SearchResult.java#filterForAttachments(SearchResult)", "- ePADD/epadd/src/java/edu/stanford/muse/ner/model/test/SequenceModelTest.java#split(Map, float)"], "method_containing_misuse": "testOnDBpedia(NERModel, Map)", "misuse_detection_confidence": "1.0", "startline_of_misuse": "534"}