{"file_dir_containing_misuse": "svenmeier/propoid/propoid-db/src/main/java/propoid/db/operation/Lookup.java", "misuse_file_name": "Lookup.java", "file_dirs_containing_proper_use": ["- svenmeier/propoid/propoid-core/src/main/java/propoid/core/Propoid.java#Meta(Propoid)", "- svenmeier/propoid/propoid-db/src/main/java/propoid/db/aspect/Row.java#reset(Propoid)", "- svenmeier/propoid/propoid-db/src/main/java/propoid/db/operation/Lookup.java#now(References)", "- svenmeier/propoid/propoid-ui/src/main/java/propoid/ui/bind/Binding.java#unbind()", "- svenmeier/propoid/propoid-core/src/main/java/propoid/core/Property.java#get(Propoid)"], "method_containing_misuse": "now(References)", "misuse_detection_confidence": "1.0", "startline_of_misuse": "64"}