{"file_dir_containing_misuse": "ManyDesigns/Portofino/dispatcher/src/main/java/com/manydesigns/portofino/dispatcher/Root.java", "misuse_file_name": "Root.java", "file_dirs_containing_proper_use": ["- ManyDesigns/Portofino/portofino-core/src/main/java/com/manydesigns/portofino/rest/actions/mail/SendMailAction.java#execute()", "- ManyDesigns/Portofino/upstairs/src/main/java/com/manydesigns/portofino/upstairs/actions/database/connections/ConnectionsAction.java#saveConnectionProvider(ConnectionProvider, JSONObject, BiFunction)", "- ManyDesigns/Portofino/upstairs/src/main/java/com/manydesigns/portofino/upstairs/actions/database/tables/TablesAction.java#saveColumn(String, String, String, String, ColumnAndAnnotations)", "- ManyDesigns/Portofino/upstairs/src/main/java/com/manydesigns/portofino/upstairs/actions/settings/SettingsAction.java#update(String)", "- ManyDesigns/Portofino/portofino-crud/src/main/java/com/manydesigns/portofino/resourceactions/crud/AbstractCrudAction.java#update(String)"], "method_containing_misuse": "homeYAML()", "misuse_detection_confidence": "1.0", "startline_of_misuse": "100"}