{"file_dir_containing_misuse": "flyingsaucerproject/flyingsaucer/flying-saucer-core/src/main/java/org/xhtmlrenderer/newtable/TableRowBox.java", "misuse_file_name": "TableRowBox.java", "file_dirs_containing_proper_use": ["- flyingsaucerproject/flyingsaucer/flying-saucer-pdf-itext5/src/main/java/org/xhtmlrenderer/pdf/SelectFormField.java#calcDefaultWidth(LayoutContext, BlockBox)", "- flyingsaucerproject/flyingsaucer/flying-saucer-examples/src/main/java/ListFontFamilyNames.java#main(String[])", "- flyingsaucerproject/flyingsaucer/flying-saucer-core/src/main/java/org/xhtmlrenderer/css/newmatch/Matcher.java#getCascadedStyle(Object)", "- flyingsaucerproject/flyingsaucer/flying-saucer-core/src/main/java/org/xhtmlrenderer/layout/InlineBoxing.java#saveLine(LineBox, LayoutContext, BlockBox, int, int, List, boolean, List, MarkerData, int, boolean)", "- flyingsaucerproject/flyingsaucer/flying-saucer-core/src/main/java/org/xhtmlrenderer/css/parser/property/QuotesPropertyBuilder.java#buildDeclarations(CSSName, List, int, boolean, boolean)"], "method_containing_misuse": "alignMiddleAndBottomAlignedCells(LayoutContext)", "misuse_detection_confidence": "1.0", "startline_of_misuse": "261"}