{"file_dir_containing_misuse": "blockchain-certificates/wallet-android/LearningMachine/app/src/main/java/com/learningmachine/android/app/ui/WebAuthActivity.java", "misuse_file_name": "WebAuthActivity.java", "file_dirs_containing_proper_use": ["- blockchain-certificates/wallet-android/LearningMachine/app/src/main/java/com/learningmachine/android/app/ui/issuer/IssuerInfoActivity.java#newIntent(Context, String)", "- blockchain-certificates/wallet-android/LearningMachine/app/src/main/java/com/learningmachine/android/app/ui/cert/AddCertificateActivity.java#newIntent(Context, int, String)", "- blockchain-certificates/wallet-android/LearningMachine/app/src/main/java/com/learningmachine/android/app/ui/issuer/AddIssuerActivity.java#newIntent(Context, String, String)", "- blockchain-certificates/wallet-android/LearningMachine/app/src/main/java/com/learningmachine/android/app/ui/WebAuthActivity.java#newIntent(Context, IssuerIntroductionRequest)", "- blockchain-certificates/wallet-android/LearningMachine/app/src/main/java/com/learningmachine/android/app/ui/cert/VerifyCertificateActivity.java#newIntent(Context, String)"], "method_containing_misuse": "onError()", "misuse_detection_confidence": "1.0", "startline_of_misuse": "108"}