{"file_dir_containing_misuse": "schemaanalyst/schemaanalyst/src/main/java/org/schemaanalyst/mutation/operator/NNCAR.java", "misuse_file_name": "NNCAR.java", "file_dirs_containing_proper_use": ["- schemaanalyst/schemaanalyst/src/test/java/org/schemaanalyst/unittest/sqlrepresentation/TestSchema.java#testParsedCaseStudies()", "- schemaanalyst/schemaanalyst/src/main/java/org/schemaanalyst/mutation/analysis/executor/technique/MinimalMinimalSchemata2Technique.java#removeOriginalConstraintsAndRename(Schema, List)", "- schemaanalyst/schemaanalyst/src/main/java/org/schemaanalyst/mutation/analysis/executor/technique/MinimalMinimalSchemataTechnique.java#removeOriginalConstraints(Schema, List)", "- schemaanalyst/schemaanalyst/src/main/java/org/schemaanalyst/sqlwriter/SQLWriter.java#writeCreateTableStatement(Schema, Table)", "- schemaanalyst/schemaanalyst/src/main/java/org/schemaanalyst/testgeneration/coveragecriterion/integrityconstraint/ClauseAICC.java#generateOneNullRequirements(MultiColumnConstraint, boolean)"], "method_containing_misuse": "mutate()", "misuse_detection_confidence": "1.0", "startline_of_misuse": "2147483647"}