{"file_dir_containing_misuse": "conekta/conekta-java/test/io/conekta/OrderTest.java", "misuse_file_name": "OrderTest.java", "file_dirs_containing_proper_use": ["- conekta/conekta-java/test/io/conekta/PaymentSourceTest.java#testSuccesfulUpdateSources()", "- conekta/conekta-java/test/io/conekta/ShippingLineTest.java#testShippingLineUpdate()", "- conekta/conekta-java/test/io/conekta/DiscountLineTest.java#testDiscountLineUpdate()", "- conekta/conekta-java/test/io/conekta/CustomerTest.java#testUpdateCard()", "- conekta/conekta-java/test/io/conekta/ShippingContactTest.java#testShippingContactUpdate()"], "method_containing_misuse": "testSuccesfulOrderUpdate()", "misuse_detection_confidence": "1.0", "startline_of_misuse": "101"}