{"file_dir_containing_misuse": "openmrs/openmrs-module-webservices.rest/omod-1.9/src/test/java/org/openmrs/module/webservices/rest/web/v1_0/controller/openmrs1_9/ConceptReferenceTermController1_9Test.java", "misuse_file_name": "ConceptReferenceTermController1_9Test.java", "file_dirs_containing_proper_use": ["- openmrs/openmrs-module-webservices.rest/omod-1.9/src/test/java/org/openmrs/module/webservices/rest/web/v1_0/controller/openmrs1_9/ProgramEnrollmentController1_9Test.java#shouldGetReferenceRepresentationOfPatientProgram()", "- openmrs/openmrs-module-webservices.rest/omod-1.9/src/test/java/org/openmrs/module/webservices/rest/web/v1_0/controller/openmrs1_9/OrderController1_9Test.java#shouldGetDrugOrderAsRef()", "- openmrs/openmrs-module-webservices.rest/omod-1.8/src/test/java/org/openmrs/module/webservices/rest/web/v1_0/controller/openmrs1_8/PersonAddressController1_8Test.java#shouldGetAnAddressOfAPerson()", "- openmrs/openmrs-module-webservices.rest/omod-1.8/src/test/java/org/openmrs/module/webservices/rest/web/v1_0/controller/openmrs1_8/UserController1_8Test.java#getUser_shouldGetADefaultRepresentationOfAUser()", "- openmrs/openmrs-module-webservices.rest/omod-1.9/src/test/java/org/openmrs/module/webservices/rest/web/v1_0/controller/openmrs1_9/ProblemController1_9Test.java#getProblem_shouldGetADefaultRepresentationOfAProblem()"], "method_containing_misuse": "shouldReturnTheAuditInfoForTheFullRepresentation()", "misuse_detection_confidence": "1.0", "startline_of_misuse": "155"}