{"file_dir_containing_misuse": "burtcorp/jmespath-java/jmespath-core/src/main/java/io/burt/jmespath/function/CompareFunction.java", "misuse_file_name": "CompareFunction.java", "file_dirs_containing_proper_use": ["- burtcorp/jmespath-java/jmespath-core/src/test/java/io/burt/jmespath/ComplianceRunner.java#run(RunNotifier)", "- burtcorp/jmespath-java/jmespath-core/src/main/java/io/burt/jmespath/jcf/JsonParser.java#visitJsonArray(JsonArrayContext)", "- burtcorp/jmespath-java/jmespath-core/src/main/java/io/burt/jmespath/function/ArgumentConstraints.java#checkElements(Adapter, T)", "- burtcorp/jmespath-java/jmespath-core/src/main/java/io/burt/jmespath/parser/ParseException.java#joinMessages(Iterable)", "- burtcorp/jmespath-java/jmespath-core/src/main/java/io/burt/jmespath/function/AvgFunction.java#performMathOperation(Adapter, List)"], "method_containing_misuse": "performMathOperation(Adapter, List)", "misuse_detection_confidence": "1.0", "startline_of_misuse": "29"}