{"file_dir_containing_misuse": "twosigma/beakerx/kernel/base/src/main/java/com/twosigma/beakerx/kernel/magic/command/CodeFactory.java", "misuse_file_name": "CodeFactory.java", "file_dirs_containing_proper_use": ["- twosigma/beakerx/kernel/base/src/main/java/com/twosigma/beakerx/kernel/magic/command/MagicCommandConfigurationImpl.java#getClasspathAddMvnMagicCommand(KernelFunctionality)", "- twosigma/beakerx/kernel/base/src/test/java/com/twosigma/beakerx/evaluator/EvaluatorResultTestWatcher.java#getResult(KernelTest)", "- twosigma/beakerx/kernel/groovy/src/main/java/com/twosigma/beakerx/groovy/autocomplete/GroovyClassUtils.java#getClass(String, GroovyClasspathScanner)", "- twosigma/beakerx/kernel/base/src/test/java/com/twosigma/beakerx/kernel/magic/command/MagicCommandAssertions.java#getExecuteResultMessage(List)", "- twosigma/beakerx/kernel/base/src/test/java/com/twosigma/beakerx/MagicCommandConfigurationMock.java#getClasspathAddMvnMagicCommand(KernelFunctionality)"], "method_containing_misuse": "findMagicCommandFunctionality(List, String)", "misuse_detection_confidence": "1.0", "startline_of_misuse": "100"}