{"file_dir_containing_misuse": "encryptedsystems/Clusion/src/main/java/org/crypto/sse/TokenDIS.java", "misuse_file_name": "TokenDIS.java", "file_dirs_containing_proper_use": ["- encryptedsystems/Clusion/src/main/java/org/crypto/sse/DynRH_Disk.java#delTokenFS(byte[], String, List)", "- encryptedsystems/Clusion/src/main/java/org/crypto/sse/IEX2Lev.java#token(List, List)", "- encryptedsystems/Clusion/src/main/java/org/crypto/sse/DynRH.java#delTokenFS(byte[], String, List)", "- encryptedsystems/Clusion/src/main/java/org/crypto/sse/RR2Lev.java#constructEMMPar(byte[], Multimap, int, int, int)", "- encryptedsystems/Clusion/src/main/java/org/crypto/sse/IEXRH2Lev.java#token(List, List)"], "method_containing_misuse": "TokenDIS(List, List)", "misuse_detection_confidence": "1.0", "startline_of_misuse": "40"}